run	condition	charge	searchScore	intensity	peptide	proteins
5	HeLa	3	0.99889402	3.983435e06	.(Acetyl)AC(Carbamidomethyl)GLVASNLNLKPGEC(Carbamidomethyl)LR	sp|P09382|LEG1_HUMAN
6	HeLa	3	0.99889402	1.932874e06	.(Acetyl)AC(Carbamidomethyl)GLVASNLNLKPGEC(Carbamidomethyl)LR	sp|P09382|LEG1_HUMAN
5	HeLa	3	0.9999591197	7.593895e04	.(Acetyl)EEEIAALVIDNGSGM(Oxidation)C(Carbamidomethyl)K	sp|P63261|ACTG_HUMAN
5	HeLa	2	0.99726603	5.641425e05	.(Acetyl)SAHLQWMVVR	sp|P46779|RL28_HUMAN
6	HeLa	2	0.844853	1.468865e04	.(Acetyl)SDKPDMAEIEK	sp|P62328|TYB4_HUMAN
6	HeLa	4	0.854291	6.843751e05	.(Acetyl)SVRYSSSKHYSSSR	sp|P13645|K1C10_HUMAN
6	HeLa	2	0.9428812	8.548982e04	AAAAAAALQAK	sp|P36578|RL4_HUMAN
6	HeLa	3	0.99135112	6.069396e04	AAFDDAIAELDTLSEESYK	sp|P62258|1433E_HUMAN
5	HeLa	2	0.9762782	6.64541e04	AALEEVER	sp|Q15149|PLEC_HUMAN
6	HeLa	2	0.9040526	2.195619e05	AATAAADFTAK	sp|Q9Y3F4|STRAP_HUMAN
5	HeLa	3	0.99999450007	4.02481e04	AAVEEGIVLGGGC(Carbamidomethyl)ALLR	sp|P10809|CH60_HUMAN
6	HeLa	3	0.863379	3.286513e04	AC(Carbamidomethyl)EFAGFQC(Carbamidomethyl)QIQFGPHNEQK	sp|Q9Y490|TLN1_HUMAN
4	HeLa	3	0.99261224	1.136568e04	ADAAPDEKVLDSGFR	sp|P01833|PIGR_HUMAN
5	HeLa	3	0.9979361	3.064417e05	ADFDNTVAIHPTSSEELVTLR	sp|P00390|GSHR_HUMAN
4	HeLa	2	0.9734464	5.310308e04	ADVDVSGPK	sp|Q09666|AHNK_HUMAN
5	HeLa	2	0.931491	7.435455e04	ADYEIASK	sp|Q9NQ29|LUC7L_HUMAN;sp|Q9Y383|LC7L2_HUMAN
4	HeLa	2	0.9342933	1.05719e05	AEFTVETR	sp|P21333|FLNA_HUMAN
5	HeLa	2	0.99858067	5.316825e04	AEGDVAALNR	sp|P67936|TPM4_HUMAN
5	HeLa	3	0.99999381865	2.254938e06	AEGSDVANAVLDGADC(Carbamidomethyl)IMLSGETAK	sp|P14618|KPYM_HUMAN
6	HeLa	3	0.99999381865	2.032938e05	AEGSDVANAVLDGADC(Carbamidomethyl)IMLSGETAK	sp|P14618|KPYM_HUMAN
4	HeLa	2	0.968069	1.145323e05	AENFFILR	sp|P59998|ARPC4_HUMAN
5	HeLa	3	0.999655424	2.314813e05	AEPPKAPEQEQAAPGPAAGGEAPK	sp|P80723|BASP1_HUMAN
6	HeLa	2	0.86985	3.619638e04	AEVLSEEPILK	sp|Q7L1Q6|BZW1_HUMAN
6	HeLa	3	0.999469094	8.078414e05	AFLASPEYVNLPINGNGK	sp|P09211|GSTP1_HUMAN
5	HeLa	3	0.99480335	1.777014e05	AFVAIGDYNGHVGLGVK	sp|P15880|RS2_HUMAN
4	HeLa	3	0.9858376	3.474246e04	AFVDFLSDEIKEER	sp|Q07021|C1QBP_HUMAN
4	HeLa	3	0.9999387468	3.943647e05	AGEARPGPTAESASGPSEDPSVNFLK	sp|Q13501|SQSTM_HUMAN
4	HeLa	2	0.899533	2.12757e05	AGNFYVPAEPK	sp|P18124|RL7_HUMAN
4	HeLa	3	0.99454635	1.656586e06	AGTQIENIDEDFRDGLK	sp|O43707|ACTN4_HUMAN
5	HeLa	3	0.99454635	3.220694e06	AGTQIENIDEDFRDGLK	sp|O43707|ACTN4_HUMAN
4	HeLa	3	0.999610971	1.349933e05	AGTQIENIEEDFRDGLK	sp|P12814|ACTN1_HUMAN
5	HeLa	3	0.99847145	1.257446e05	AGVAAPATQVAQVTLQSVQR	sp|Q15149|PLEC_HUMAN
4	HeLa	3	0.999243233	6.474387e04	AGVNTVTTLVENKK	sp|P62424|RL7A_HUMAN
5	HeLa	3	0.9014398	1.025622e05	AGVVGPELHEQLLSAEK	sp|Q15149|PLEC_HUMAN
5	HeLa	3	0.99999840202	8.818747e04	AHDGGIYAISWSPDSTHLLSASGDK	sp|O75083|WDR1_HUMAN
4	HeLa	2	0.9652566	4.495096e05	AHVVPC(Carbamidomethyl)FDASK	sp|P21333|FLNA_HUMAN
5	HeLa	2	0.9652566	1.004168e05	AHVVPC(Carbamidomethyl)FDASK	sp|P21333|FLNA_HUMAN
5	HeLa	3	0.9999726197	9.914166e04	AIVAIENPADVSVISSR	sp|P08865|RSSA_HUMAN
4	HeLa	3	0.9732372	5.691626e05	ALAAPAAEEKEEAR	sp|Q01650|LAT1_HUMAN
4	HeLa	3	0.99884945	8.843169e04	ALDGINSGITHAGR	sp|Q6UWP8|SBSN_HUMAN
5	HeLa	3	0.99884945	6.219277e04	ALDGINSGITHAGR	sp|Q6UWP8|SBSN_HUMAN
5	HeLa	3	0.99185189	3.513312e04	ALEATTEHIR	sp|Q9Y490|TLN1_HUMAN
5	HeLa	2	0.9099507	1.161848e05	ALEAVFGK	sp|P38159|RBMX_HUMAN
6	HeLa	4	0.99359263	4286.878418	ALEHFTDLYDIKR	sp|Q00610|CLH1_HUMAN
4	HeLa	2	0.9571038	4.826797e04	ALEVSEDVK	sp|Q9UNF1|MAGD2_HUMAN
5	HeLa	2	0.9871355	2.02199e05	ALLQSSASR	sp|Q9UQ80|PA2G4_HUMAN
5	HeLa	3	0.99896651	9.644412e04	ALSAIADLLTNEHER	sp|O60716|CTND1_HUMAN
5	HeLa	3	0.988968	1925.036743	ALTNLPHTDFTLC(Carbamidomethyl)K	sp|Q9UBQ5|EIF3K_HUMAN
6	HeLa	3	0.877847	2.587811e04	ALTVPELTQQVFDAK	sp|P07437|TBB5_HUMAN
6	HeLa	3	0.99868015	2.21275e04	ALYYLQIHPQELR	sp|Q16531|DDB1_HUMAN
5	HeLa	2	0.9429256	9.78241e04	AM(Oxidation)NGESLDGR	sp|P98179|RBM3_HUMAN
5	HeLa	2	0.99910442	1.045631e05	ANAQAAALYK	sp|P40121|CAPG_HUMAN
5	HeLa	3	0.9872428	7.827322e04	ANEPTHFTVDC(Carbamidomethyl)TEAGEGDVSVGIK	sp|O75369|FLNB_HUMAN
4	HeLa	2	0.9871206	1.346636e05	ANFENLAK	sp|Q14247|SRC8_HUMAN
4	HeLa	3	0.9965975	4.618163e04	ANIVHLMLSSPEQIQK	sp|P55060|XPO2_HUMAN
5	HeLa	3	0.99277072	3.891906e05	APIRPDIVNFVHTNLR	sp|P36578|RL4_HUMAN
5	HeLa	3	0.99707647	1.345481e05	APVPASELLASGVLSR	sp|Q15149|PLEC_HUMAN
6	HeLa	3	0.99707647	2.233054e05	APVPASELLASGVLSR	sp|Q15149|PLEC_HUMAN
5	HeLa	2	0.99831938	3.992937e04	AQAVSEDAGGNEGR	sp|P55884|EIF3B_HUMAN
5	HeLa	3	0.99303847	3.073467e04	AQFEGIVTDLIR	sp|P38646|GRP75_HUMAN
4	HeLa	2	0.9867918	4.701838e05	AQVADVVVSR	sp|P49327|FAS_HUMAN
4	HeLa	3	0.9615792	5.303328e04	AQVARPGGDTIFGK	sp|P49773|HINT1_HUMAN
4	HeLa	3	0.9999533036	1.578894e04	AQVEEFLAQHGSEYQSVK	sp|Q02809|PLOD1_HUMAN
4	HeLa	3	0.99768092	1.58815e05	ARQEELYSELQAR	sp|Q15149|PLEC_HUMAN
5	HeLa	3	0.99768092	5.060757e04	ARQEELYSELQAR	sp|Q15149|PLEC_HUMAN
4	HeLa	3	0.99896014	1.340632e05	ASADLMSYC(Carbamidomethyl)EEHAR	sp|Q9UBI6|GBG12_HUMAN
5	HeLa	3	0.999730805	1.679108e05	ATAAFILANEHNVALFK	sp|O00410|IPO5_HUMAN
5	HeLa	2	0.9219684	9.588364e04	ATAVM(Oxidation)PDGQFK	sp|Q06830|PRDX1_HUMAN
4	HeLa	2	0.9811553	2.076414e05	ATAVMPDGQFK	sp|Q06830|PRDX1_HUMAN
6	HeLa	3	0.99686338	3.890991e04	ATENDIANFFSPLNPIR	sp|P31942|HNRH3_HUMAN
5	HeLa	2	0.983265	2.217714e04	ATIGADFLTK	sp|P51149|RAB7A_HUMAN
5	HeLa	3	0.99706015	3.308864e04	ATQQQHDFTLTQTADGR	sp|P78527|PRKDC_HUMAN
6	HeLa	2	0.9716685	8.319083e04	ATVSAPFGK	sp|Q15149|PLEC_HUMAN
5	HeLa	3	0.9999333072	2.64716e05	AVGGLGKLGKDAVEDLESVGK	sp|P81605|DCD_HUMAN
4	HeLa	2	0.9480872	7.254963e04	AVLHVALR	sp|P06744|G6PI_HUMAN
4	HeLa	3	0.9999686445	7.433948e05	AVTEQGHELSNEER	sp|P31946|1433B_HUMAN
5	HeLa	3	0.9999686445	9.699354e04	AVTEQGHELSNEER	sp|P31946|1433B_HUMAN
5	HeLa	2	0.99420148	1.565225e05	AVVGVVAGGGR	sp|P62917|RL8_HUMAN
5	HeLa	2	0.9546407	2.075271e05	AYAQGISR	sp|O75390|CISY_HUMAN
5	HeLa	3	0.9179017	2.028114e05	AYHEQLTVAEITNAC(Carbamidomethyl)FEPANQM(Oxidation)VK	sp|Q9BQE3|TBA1C_HUMAN
6	HeLa	2	0.99582591	8.348917e04	C(Carbamidomethyl)AGNEDIITLR	sp|P12004|PCNA_HUMAN
2	not applicable	2	0.750502	1.605415e05	C(Carbamidomethyl)C(Carbamidomethyl)TESLVNR	sp|P02768|ALBU_HUMAN
4	HeLa	2	0.750502	2.236559e06	C(Carbamidomethyl)C(Carbamidomethyl)TESLVNR	sp|P02768|ALBU_HUMAN
5	HeLa	2	0.9537963	6.699725e04	C(Carbamidomethyl)DNFTSSWR	sp|Q15149|PLEC_HUMAN
5	HeLa	4	0.99607012	9.89424e04	C(Carbamidomethyl)EAFGWHAIIVDGHSVEELC(Carbamidomethyl)K	sp|P29401|TKT_HUMAN
1	not applicable	2	0.793125	1.571309e05	C(Carbamidomethyl)EFQDAYVLLSEK	sp|P10809|CH60_HUMAN
6	HeLa	3	0.999304136	9.970571e04	C(Carbamidomethyl)EFQDAYVLLSEK	sp|P10809|CH60_HUMAN
5	HeLa	3	0.99540963	2.806846e05	C(Carbamidomethyl)EFQDAYVLLSEKK	sp|P10809|CH60_HUMAN
6	HeLa	3	0.99540963	7.608649e04	C(Carbamidomethyl)EFQDAYVLLSEKK	sp|P10809|CH60_HUMAN
4	HeLa	3	0.999673976	5.424073e04	C(Carbamidomethyl)LELFSELAEDKENYK	sp|P08238|HS90B_HUMAN
5	HeLa	3	0.999673976	5.642485e05	C(Carbamidomethyl)LELFSELAEDKENYK	sp|P08238|HS90B_HUMAN
5	HeLa	4	0.9434057	1.290368e05	C(Carbamidomethyl)LELFSELAEDKENYKK	sp|P08238|HS90B_HUMAN
4	HeLa	3	0.99749504	3.535721e04	C(Carbamidomethyl)LELFTELAEDKENYK	sp|P07900|HS90A_HUMAN
5	HeLa	3	0.99749504	8.818816e05	C(Carbamidomethyl)LELFTELAEDKENYK	sp|P07900|HS90A_HUMAN
4	HeLa	2	0.99401465	2.07382e04	C(Carbamidomethyl)LIEILASR	sp|P08133|ANXA6_HUMAN
6	HeLa	2	0.9210033	5.50313e05	C(Carbamidomethyl)MPTFQFFK	sp|P10599|THIO_HUMAN
4	HeLa	2	0.99596513	2.116831e04	C(Carbamidomethyl)MQLTDFILK	sp|P50914|RL14_HUMAN
5	HeLa	2	0.99596513	4.10439e05	C(Carbamidomethyl)MQLTDFILK	sp|P50914|RL14_HUMAN
6	HeLa	2	0.99596513	4.644558e04	C(Carbamidomethyl)MQLTDFILK	sp|P50914|RL14_HUMAN
4	HeLa	2	0.99566477	3.962875e04	C(Carbamidomethyl)NEIINWLDK	sp|P11142|HSP7C_HUMAN
5	HeLa	2	0.99566477	6.376593e04	C(Carbamidomethyl)NEIINWLDK	sp|P11142|HSP7C_HUMAN
4	HeLa	3	0.99807402	6.525949e04	C(Carbamidomethyl)PENAFFLDHVR	sp|O00159|MYO1C_HUMAN
4	HeLa	2	0.9877816	1.611277e05	C(Carbamidomethyl)PFTGNVSIR	sp|P62280|RS11_HUMAN
5	HeLa	3	0.9408762	9.147861e04	C(Carbamidomethyl)PNLTHLNLSGNK	sp|P39687|AN32A_HUMAN
6	HeLa	2	0.99644725	3.691899e04	C(Carbamidomethyl)SGPGLSPGMVR	sp|P21333|FLNA_HUMAN
4	HeLa	2	0.99837733	8.439853e04	C(Carbamidomethyl)SQAVYAAEK	sp|P21291|CSRP1_HUMAN
4	HeLa	3	0.9371648	6.439748e04	C(Carbamidomethyl)YEM(Oxidation)ASHLR	sp|P07737|PROF1_HUMAN
5	HeLa	3	0.9597978	2.371968e05	C(Carbamidomethyl)YEMASHLR	sp|P07737|PROF1_HUMAN
4	HeLa	2	0.999364423	1.930868e05	DAEDWFFSK	sp|Q04695|K1C17_HUMAN
5	HeLa	2	0.999364423	8.575765e05	DAEDWFFSK	sp|Q04695|K1C17_HUMAN
4	HeLa	2	0.934791	1.684468e05	DAEMPATEK	sp|P21333|FLNA_HUMAN
5	HeLa	3	0.9893025	9.71886e04	DAFDRNPELQNLLLDDFFK	sp|P52209|6PGD_HUMAN
4	HeLa	3	0.99559632	3.624035e04	DAGEGLLAVQITDQEGKPK	sp|O75369|FLNB_HUMAN
5	HeLa	3	0.99559632	3.674474e05	DAGEGLLAVQITDQEGKPK	sp|O75369|FLNB_HUMAN
6	HeLa	2	0.950612	9.785214e04	DAGQISGLNVLR	sp|P38646|GRP75_HUMAN
5	HeLa	2	0.958208	5.13748e04	DAGTIAGLNVLR	sp|P11142|HSP7C_HUMAN
4	HeLa	3	0.99877174	4.018791e04	DAHNALLDIQSSGR	sp|B5ME19|EIFCL_HUMAN;sp|Q99613|EIF3C_HUMAN
5	HeLa	3	0.9984701	4.747873e04	DALDGPAAEAEPEHSFDGLR	sp|Q15149|PLEC_HUMAN
5	HeLa	3	0.99801949	2.687007e04	DALSDLALHFLNK	sp|P50991|TCPD_HUMAN
4	HeLa	3	0.9806954	9.530237e04	DAQHYGGWEHR	sp|Q14697|GANAB_HUMAN
5	HeLa	3	0.999358247	1.845762e05	DASIVGFFDDSFSEAHSEFLK	sp|P30101|PDIA3_HUMAN
6	HeLa	3	0.99389658	7.580627e04	DATNVGDEGGFAPNILENK	sp|P06733|ENOA_HUMAN
6	HeLa	3	0.9784397	3.135542e05	DDEFTHLYTLIVRPDNTYEVK	sp|P27797|CALR_HUMAN
5	HeLa	4	0.99853406	3.364972e04	DDQVTVIGAGVTLHEALAAAELLK	sp|P29401|TKT_HUMAN
5	HeLa	3	0.999999141996	2.881556e05	DDVAQTDLLQIDPNFGSK	sp|P08195|4F2_HUMAN
6	HeLa	3	0.999999141996	1.784529e05	DDVAQTDLLQIDPNFGSK	sp|P08195|4F2_HUMAN
5	HeLa	3	0.999740298	1.35702e05	DDVFLSVPC(Carbamidomethyl)ILGQNGISDLVK	sp|P00338|LDHA_HUMAN
4	HeLa	3	0.99808948	1.5641e05	DELHIVEAEAM(Oxidation)NYEGSPIK	sp|P06748|NPM_HUMAN
5	HeLa	3	0.99808948	4.060642e05	DELHIVEAEAM(Oxidation)NYEGSPIK	sp|P06748|NPM_HUMAN
6	HeLa	3	0.99808948	8.442087e04	DELHIVEAEAM(Oxidation)NYEGSPIK	sp|P06748|NPM_HUMAN
4	HeLa	3	0.9999114319	1.047912e04	DELHIVEAEAMNYEGSPIK	sp|P06748|NPM_HUMAN
6	HeLa	3	0.99623571	6.239317e04	DELNADHPFIYIIR	sp|P36952|SPB5_HUMAN
5	HeLa	2	0.99468063	1.312704e05	DFTPVC(Carbamidomethyl)TTELGR	sp|P30041|PRDX6_HUMAN
4	HeLa	3	0.99266778	3.412133e05	DGLGFC(Carbamidomethyl)ALIHR	sp|P12814|ACTN1_HUMAN
5	HeLa	3	0.9422662	2.723408e05	DGNASGTTLLEALDC(Carbamidomethyl)ILPPTRPTDK	sp|P68104|EF1A1_HUMAN;sp|Q5VTE0|EF1A3_HUMAN
5	HeLa	3	0.99785849	8.92534e04	DGNVLLHEMQIQHPTASLIAK	sp|P40227|TCPZ_HUMAN
4	HeLa	3	0.99893088	3.235053e04	DHASIQM(Oxidation)NVAEVDK	sp|P63220|RS21_HUMAN
5	HeLa	2	0.9640529	6.389083e04	DIDEVSSLLR	sp|P50990|TCPQ_HUMAN
6	HeLa	2	0.9640529	3.670288e04	DIDEVSSLLR	sp|P50990|TCPQ_HUMAN
6	HeLa	3	0.9830874	5.271825e04	DITSSIHFEAYR	sp|Q9UHD8|SEPT9_HUMAN
5	HeLa	3	0.99864339	3.322871e05	DLADELALVDVIEDKLK	sp|P00338|LDHA_HUMAN
6	HeLa	3	0.99864339	6.919402e04	DLADELALVDVIEDKLK	sp|P00338|LDHA_HUMAN
5	HeLa	2	0.9763965	8.277737e04	DLAPIGIR	sp|Q99714|HCD2_HUMAN
4	HeLa	3	0.9710239	1.46978e05	DLEEDHAC(Carbamidomethyl)IPIK	sp|P13639|EF2_HUMAN
6	HeLa	3	0.9999692373	1.817516e05	DLEKPFLLPVEAVYSVPGR	sp|P49411|EFTU_HUMAN
5	HeLa	3	0.999785209	1.635295e05	DLIHDVSFDFHGR	sp|Q96EE3|SEH1_HUMAN
4	HeLa	3	0.9975262	1.10788e05	DLISHDEMFSDIYK	sp|P13693|TCTP_HUMAN
6	HeLa	3	0.9975262	8.864567e04	DLISHDEMFSDIYK	sp|P13693|TCTP_HUMAN
5	HeLa	2	0.9675256	2.370182e04	DLIVATIAVK	sp|P31939|PUR9_HUMAN
6	HeLa	3	0.9045494	2.999365e04	DLSYC(Carbamidomethyl)LSGMYDHR	sp|P52597|HNRPF_HUMAN
4	HeLa	3	0.99713924	6.502296e04	DMAQLPETEIAPAKDVAPSTVK	sp|P27816|MAP4_HUMAN
4	HeLa	2	0.9284857	2.547525e04	DMFQETMEAMR	sp|P35579|MYH9_HUMAN
4	HeLa	2	0.9017992	9205.785156	DNIQGITK	sp|P62805|H4_HUMAN
4	HeLa	3	0.9752654	1.286118e06	DNIQGITKPAIR	sp|P62805|H4_HUMAN
4	HeLa	2	0.9855039	7.573662e04	DQLIYNLLK	sp|P00338|LDHA_HUMAN
4	HeLa	2	0.9953433	4.901006e04	DQVANSAFVER	sp|P07900|HS90A_HUMAN
5	HeLa	3	0.9167328	3.27197e04	DRLSASSLTMESFAFLWAGGR	sp|Q00839|HNRPU_HUMAN
5	HeLa	3	0.9553813	5.75083e04	DRVNDVC(Carbamidomethyl)TNGQDLIK	sp|Q13813|SPTN1_HUMAN
2	not applicable	2	0.637558	3913.608887	DSAQNSVIIVDK	sp|P02786|TFR1_HUMAN
5	HeLa	2	0.637558	4.367787e04	DSAQNSVIIVDK	sp|P02786|TFR1_HUMAN
5	HeLa	3	0.99978583	4.982559e04	DSLLQDGEFSMDLR	sp|P07737|PROF1_HUMAN
6	HeLa	4	0.856212	1.495947e04	DTGKTPVEPEVAIHR	sp|P60866|RS20_HUMAN
5	HeLa	3	0.9816721	1.608368e05	DTHDQLSEPSEVR	sp|Q15149|PLEC_HUMAN
5	HeLa	3	0.9318485	2.95938e05	DVAC(Carbamidomethyl)GANHTLVLDSQK	sp|Q9P258|RCC2_HUMAN
4	HeLa	3	0.9738373	1.235413e04	DVAPQAPVHFLVIPK	sp|Q9BX68|HINT2_HUMAN
5	HeLa	2	0.9701146	5.616524e05	DVDLEFLAK	sp|P55072|TERA_HUMAN
5	HeLa	3	0.99336289	3.164822e04	DVLSVAFSSDNR	sp|P63244|RACK1_HUMAN
4	HeLa	2	0.99564844	3.368032e04	DVNQQEFVR	sp|P39019|RS19_HUMAN
5	HeLa	3	0.99471564	1.329752e05	DVPWGVDSLITLAFQDQR	sp|Q16658|FSCN1_HUMAN
5	HeLa	3	0.9887206	1.3488e05	DVTNNVHYENYR	sp|Q16181|SEPT7_HUMAN
4	HeLa	3	0.9581603	5.727979e04	DWILPSDYDHAEAEAR	sp|O43852|CALU_HUMAN
6	HeLa	3	0.9702021	5.224379e04	DYFGAHTYELLAK	sp|P52209|6PGD_HUMAN
4	HeLa	2	0.99557583	1.519687e05	EAAENSLVAYK	sp|P62258|1433E_HUMAN
6	HeLa	2	0.99557583	7.796626e04	EAAENSLVAYK	sp|P62258|1433E_HUMAN
4	HeLa	2	0.9591205	3.843475e04	EAALSTALSEK	sp|P02545|LMNA_HUMAN
4	HeLa	2	0.9889201	1.601306e05	EADYVAQATR	sp|Q9NRV9|HEBP1_HUMAN
5	HeLa	3	0.999803049	7.843334e05	EAEAAIYHLQLFEELR	sp|P14618|KPYM_HUMAN
4	HeLa	2	0.9507778	1.663794e06	EAFQLFDR	sp|P60660|MYL6_HUMAN
6	HeLa	3	0.993372	1.166443e05	EAHQLFLEPEVLDPESVELK	sp|P39748|FEN1_HUMAN
5	HeLa	3	0.9713937	8.40544e04	EAINVEQAFQTIAR	sp|P51149|RAB7A_HUMAN
4	HeLa	2	0.9827846	1.358908e04	EALFNEFVAAAR	sp|O14776|TCRG1_HUMAN
5	HeLa	2	0.9667814	4.490066e05	EALLQASR	sp|P26038|MOES_HUMAN
4	HeLa	3	0.999004137	5.117829e04	EALLSSAVDHGSDEVK	sp|P78371|TCPB_HUMAN
6	HeLa	3	0.999004137	1.97402e05	EALLSSAVDHGSDEVK	sp|P78371|TCPB_HUMAN
5	HeLa	2	0.99660221	8452.636719	EANNFLWPFK	sp|P18124|RL7_HUMAN
4	HeLa	3	0.991696	4651.39209	EATDPRPC(Carbamidomethyl)EVENAVESWR	sp|P47755|CAZA2_HUMAN
4	HeLa	4	0.898476	1.044995e05	EATTDFTVDSRPLTQVGGDHIK	sp|O75369|FLNB_HUMAN
4	HeLa	2	0.99716815	4.5069e04	EATTEFSVDAR	sp|P21333|FLNA_HUMAN
5	HeLa	2	0.99716815	1.01766e05	EATTEFSVDAR	sp|P21333|FLNA_HUMAN
4	HeLa	2	0.9339228	4.105397e04	EAVGTGVR	sp|Q6E0U4|DMKN_HUMAN
4	HeLa	2	0.99678724	1.024999e05	EDAVLEYLK	sp|P26038|MOES_HUMAN
4	HeLa	3	0.9255799	1.677374e04	EDDRETLVSQC(Carbamidomethyl)R	sp|Q9NQW6|ANLN_HUMAN
5	HeLa	2	0.9834999	5.486185e04	EDIIQGFR	sp|P13010|XRCC5_HUMAN
5	HeLa	3	0.9761083	3.08691e05	EDITQSAQHALR	sp|Q12906|ILF3_HUMAN
4	HeLa	3	0.9605776	1.896754e04	EDSVKPGAHLTVK	sp|P51991|ROA3_HUMAN
4	HeLa	2	0.999765195	5.989991e04	EEAENTLQSFR	sp|P08670|VIME_HUMAN
5	HeLa	3	0.999455549	9.338177e04	EEEGTGVVHQAPYFGAEDYR	sp|P41252|SYIC_HUMAN
6	HeLa	3	0.999857179	2.934069e05	EEFTAFLHPEEYDYMK	sp|O43852|CALU_HUMAN
5	HeLa	3	0.9999492044	6.240692e04	EELIAELQDC(Carbamidomethyl)EGLIVR	sp|O43175|SERA_HUMAN
6	HeLa	3	0.9999492044	2.07206e04	EELIAELQDC(Carbamidomethyl)EGLIVR	sp|O43175|SERA_HUMAN
4	HeLa	2	0.9784695	2.465023e04	EELSNVLAAMR	sp|Q9Y3U8|RL36_HUMAN
4	HeLa	2	0.9872169	1.354356e05	EFSPFGTITSAK	sp|P11940|PABP1_HUMAN
5	HeLa	2	0.9880799	3.960297e05	EFVEAVLELR	sp|O75367|H2AY_HUMAN
4	HeLa	3	0.99842549	5.426123e04	EGAAHAFAQYNLDQFTPVK	sp|P47755|CAZA2_HUMAN
4	HeLa	3	0.999810675	4.464642e04	EGAAHAFAQYNMDQFTPVK	sp|P52907|CAZA1_HUMAN
5	HeLa	2	0.9795411	6.629962e04	EGDLLFTVAK	sp|Q13347|EIF3I_HUMAN
5	HeLa	3	0.989386	1.894309e04	EGGLGPLNIPLLADVTR	sp|P32119|PRDX2_HUMAN
5	HeLa	3	0.9837971	4.645332e04	EGKPTIVEEDDPELFK	sp|O75937|DNJC8_HUMAN
4	HeLa	2	0.9760354	3.196278e04	EGMNIVEAM(Oxidation)ER	sp|P62937|PPIA_HUMAN
4	HeLa	2	0.999203306	1.984299e05	EGMNIVEAMER	sp|P62937|PPIA_HUMAN
5	HeLa	3	0.99840096	2.08028e05	EGNDLYHEMIESGVINLK	sp|P06576|ATPB_HUMAN
4	HeLa	2	0.9807621	3.120223e04	EGPLC(Carbamidomethyl)DELIR	sp|Q15029|U5S1_HUMAN
4	HeLa	2	0.9665163	1.055234e05	EGVHGGLINK	sp|P07737|PROF1_HUMAN
4	HeLa	3	0.99042802	3352.909424	EHGLIFMETSAK	sp|P61019|RAB2A_HUMAN;sp|Q8WUD1|RAB2B_HUMAN
5	HeLa	2	0.9560105	4.454e04	EHLAENEEGK	DECOY_sp|Q86UV5|UBP48_HUMAN
5	HeLa	3	0.9365486	4.987423e04	EILQEEEDLAEIVQLVGK	sp|P38606|VATA_HUMAN
4	HeLa	3	0.99370417	2.522428e05	EILVGDVGQTVDDPYATFVK	sp|P23528|COF1_HUMAN
6	HeLa	3	0.99370417	1.667352e06	EILVGDVGQTVDDPYATFVK	sp|P23528|COF1_HUMAN
4	HeLa	3	0.99063628	1.317245e04	EKEEFAVPENSSVQQFK	sp|Q9UHD9|UBQL2_HUMAN;sp|Q9UMX0|UBQL1_HUMAN
4	HeLa	3	0.9334734	1.498257e04	EKPYFPIPEEYTFIQNVPLEDR	sp|Q00839|HNRPU_HUMAN
6	HeLa	3	0.9334734	2.338035e04	EKPYFPIPEEYTFIQNVPLEDR	sp|Q00839|HNRPU_HUMAN
5	HeLa	2	0.9344863	1.753165e04	ELAEDGYSGVEVR	sp|P23396|RS3_HUMAN
6	HeLa	3	0.9300009	1.682432e04	ELAGHTGYLSC(Carbamidomethyl)C(Carbamidomethyl)R	sp|P62873|GBB1_HUMAN
4	HeLa	3	0.99740372	2.245175e04	ELAQQVQQVAAEYC(Carbamidomethyl)R	sp|P17844|DDX5_HUMAN
5	HeLa	3	0.99282161	6.758747e04	ELEAVC(Carbamidomethyl)QDVLSLLDNYLIK	sp|P61981|1433G_HUMAN
6	HeLa	3	0.99282161	4256.201172	ELEAVC(Carbamidomethyl)QDVLSLLDNYLIK	sp|P61981|1433G_HUMAN
4	HeLa	2	0.9263788	6.281985e04	ELLLQPVTISR	sp|P59998|ARPC4_HUMAN
4	HeLa	2	0.888396	4.9678e04	ELNYFAK	sp|P00558|PGK1_HUMAN
4	HeLa	2	0.897761	4.490633e04	ELSQDSTGR	sp|P52788|SPSY_HUMAN
5	HeLa	3	0.9999850052	1.804499e05	ELTTEIDNNIEQISSYK	sp|P13645|K1C10_HUMAN
5	HeLa	3	0.99859777	5.419397e04	ELVPSSDPIVFVVGAFAHGK	sp|Q92979|NEP1_HUMAN
6	HeLa	3	0.9862514	6.311645e04	EMEENFAVEAANYQDTIGR	sp|P08670|VIME_HUMAN
4	HeLa	2	0.99663931	1.045416e06	ENAGEDPGLAR	sp|P81605|DCD_HUMAN
4	HeLa	2	0.9494291	3.387681e04	ENILEEFSK	sp|O43390|HNRPR_HUMAN
4	HeLa	2	0.99839949	8.628495e04	ENQTAVDVFR	sp|Q15382|RHEB_HUMAN
4	HeLa	2	0.898198	1.82421e05	EQGVLSFWR	sp|P05141|ADT2_HUMAN;sp|P12236|ADT3_HUMAN
6	HeLa	2	0.886991	4.852327e04	EQLAIAEFAR	sp|P17987|TCPA_HUMAN
5	HeLa	2	0.959575	4.89386e04	EQLGEEIDSK	sp|Q9NR30|DDX21_HUMAN
5	HeLa	4	0.9344996	1.849283e05	EQQEAIEHIDEVQNEIDRLNEQASEEILK	sp|Q01105|SET_HUMAN
5	HeLa	3	0.9807441	4.383162e04	ERDFTSLENTVEER	sp|Q07065|CKAP4_HUMAN
5	HeLa	3	0.99951825	3.165898e05	ESPVFAPVYFPEELHR	sp|P09601|HMOX1_HUMAN
4	HeLa	2	0.9882353	3.52423e04	ESSTVFELK	sp|Q15370|ELOB_HUMAN
4	HeLa	3	0.99265991	3.814009e04	ESTQLSPADLTEGKPTDPSK	sp|Q08J23|NSUN2_HUMAN
5	HeLa	3	0.9030429	3.291153e04	ESVFTVEGGHR	sp|Q99623|PHB2_HUMAN
4	HeLa	2	0.997677	1.484795e06	ESYSVYVYK	sp|O60814|H2B1K_HUMAN;sp|P57053|H2BFS_HUMAN;sp|P58876|H2B1D_HUMAN;sp|P62807|H2B1C_HUMAN;sp|Q5QNW6|H2B2F_HUMAN;sp|Q93079|H2B1H_HUMAN;sp|Q99877|H2B1N_HUMAN;sp|Q99879|H2B1M_HUMAN;sp|Q99880|H2B1L_HUMAN
4	HeLa	3	0.999765631	7949.168945	ETLVYLTHLDYVDTER	sp|O14980|XPO1_HUMAN
5	HeLa	2	0.9897088	4.120554e04	EVEELILTESK	sp|Q9BZZ5|API5_HUMAN
6	HeLa	2	0.9812783	2.622011e04	EVFSMAGVVVR	sp|P52272|HNRPM_HUMAN
4	HeLa	2	0.9496514	1.842493e05	EVSSATNALR	sp|P09012|SNRPA_HUMAN
5	HeLa	2	0.99368147	1.864859e05	FAAATGATPIAGR	sp|P08865|RSSA_HUMAN
6	HeLa	2	0.9664195	9.928929e04	FAEAFEAIPR	sp|P50990|TCPQ_HUMAN
4	HeLa	2	0.9897619	2.427895e04	FATHAAALSVR	sp|P23246|SFPQ_HUMAN
4	HeLa	3	0.999756958	3.540192e04	FC(Carbamidomethyl)FTPHTEEGC(Carbamidomethyl)LSER	sp|P49327|FAS_HUMAN
4	HeLa	2	0.99692819	1.010942e05	FC(Carbamidomethyl)IWTESAFR	sp|P36578|RL4_HUMAN
6	HeLa	2	0.99692819	1.269262e05	FC(Carbamidomethyl)IWTESAFR	sp|P36578|RL4_HUMAN
4	HeLa	2	0.99396123	1.876483e04	FDEISFVNFAR	sp|Q08945|SSRP1_HUMAN
4	HeLa	2	0.9899105	2.370967e04	FDNLYGC(Carbamidomethyl)R	sp|P23526|SAHH_HUMAN
4	HeLa	3	0.99814057	1.025311e05	FEEHVQSVDIAAFNKI	sp|P29692|EF1D_HUMAN
5	HeLa	3	0.99814057	1.139032e06	FEEHVQSVDIAAFNKI	sp|P29692|EF1D_HUMAN
6	HeLa	3	0.99814057	1.946092e05	FEEHVQSVDIAAFNKI	sp|P29692|EF1D_HUMAN
6	HeLa	2	0.9893968	3.043807e04	FEELNMDLFR	sp|P11021|BIP_HUMAN
5	HeLa	2	0.9831616	1.697822e05	FEETTADGR	sp|Q01469|FABP5_HUMAN
5	HeLa	3	0.999989858	1.392815e06	FENAFLSHVVSQHQALLGTIR	sp|P25705|ATPA_HUMAN
6	HeLa	4	0.9677879	1.445171e05	FENAFLSHVVSQHQALLGTIR	sp|P25705|ATPA_HUMAN
5	HeLa	3	0.999293409	3.555523e04	FENVNGYTNC(Carbamidomethyl)C(Carbamidomethyl)FGFHR	sp|P08243|ASNS_HUMAN
5	HeLa	3	0.999868764	3.340496e05	FESEILEAISQNSVVIIR	sp|Q08211|DHX9_HUMAN
4	HeLa	3	0.99625675	1.350451e04	FFDANYDGKDYDPVAAR	sp|Q15691|MARE1_HUMAN
5	HeLa	3	0.9999211281	5.078077e04	FFEVILIDPFHK	sp|P61313|RL15_HUMAN
5	HeLa	3	0.99727693	8.811633e05	FFHLAFEEEFGR	sp|Q13347|EIF3I_HUMAN
5	HeLa	3	0.9543716	2.346507e04	FFLQGIQLNTILPDAR	sp|P11279|LAMP1_HUMAN
5	HeLa	3	0.999703944	2.309635e04	FGEENIEVYHSYFWPLEWTIPSR	sp|Q16881|TRXR1_HUMAN
4	HeLa	3	0.9072982	2.215267e04	FGTINIVHPK	sp|Q9Y617|SERC_HUMAN
5	HeLa	3	0.9999313456	7.972837e04	FGVEQDVDM(Oxidation)VFASFIR	sp|P14618|KPYM_HUMAN
5	HeLa	3	0.9989815	1.684562e05	FHTEALTALLSDDSK	sp|P62495|ERF1_HUMAN
4	HeLa	3	0.99860289	2.804499e04	FIC(Carbamidomethyl)EQDHQNFLR	sp|Q92598|HS105_HUMAN
5	HeLa	2	0.9867533	8.141536e05	FITIFGTR	sp|P08758|ANXA5_HUMAN
6	HeLa	2	0.9867533	1.329504e06	FITIFGTR	sp|P08758|ANXA5_HUMAN
4	HeLa	2	0.9417585	1.590051e04	FLILPDMLK	sp|P62318|SMD3_HUMAN
5	HeLa	2	0.975231	1.018404e05	FLIVAHDDGR	sp|Q16658|FSCN1_HUMAN
4	HeLa	3	0.999833625	4.219888e04	FLSQPFQVAEVFTGHM(Oxidation)GK	sp|P06576|ATPB_HUMAN
4	HeLa	3	0.99999580236	3.74629e04	FLSQPFQVAEVFTGHMGK	sp|P06576|ATPB_HUMAN
5	HeLa	3	0.99999580236	4.149547e05	FLSQPFQVAEVFTGHMGK	sp|P06576|ATPB_HUMAN
5	HeLa	3	0.9862395	2.203658e04	FMADC(Carbamidomethyl)PHTIGVEFGTR	sp|P61106|RAB14_HUMAN
4	HeLa	3	0.9618871	1.392858e05	FNDEHIPESPYLVPVIAPSDDAR	sp|O75369|FLNB_HUMAN
5	HeLa	3	0.9618871	1.160969e05	FNDEHIPESPYLVPVIAPSDDAR	sp|O75369|FLNB_HUMAN
5	HeLa	3	0.9475035	9.16494e05	FNEEHIPDSPFVVPVASPSGDAR	sp|P21333|FLNA_HUMAN
6	HeLa	3	0.9475035	4.076474e05	FNEEHIPDSPFVVPVASPSGDAR	sp|P21333|FLNA_HUMAN
5	HeLa	3	0.9350919	2.168123e05	FNLTYVSHDGDDK	sp|P26639|SYTC_HUMAN
5	HeLa	3	0.99880475	3.624739e05	FQDGDLTLYQSNTILR	sp|P09211|GSTP1_HUMAN
4	HeLa	3	0.898384	7944.723633	FSAHYDAVEAELK	sp|Q14320|FA50A_HUMAN
6	HeLa	2	0.9629172	6.975131e04	FSDSYASVIK	sp|P17812|PYRG1_HUMAN
4	HeLa	2	0.9266549	3.093855e05	FSELTAEK	sp|P48643|TCPE_HUMAN
6	HeLa	2	0.9463606	5.470264e04	FSGGFGAR	sp|O00571|DDX3X_HUMAN;sp|O15523|DDX3Y_HUMAN
4	HeLa	4	0.9890077	6.026508e04	FSHEEIAMATVTALRR	sp|P04075|ALDOA_HUMAN
4	HeLa	2	0.99250379	2.619136e04	FSMVVQDGIVK	sp|P30044|PRDX5_HUMAN
6	HeLa	2	0.99511998	2.583933e04	FSSSSGYGGGSSR	sp|P35527|K1C9_HUMAN
5	HeLa	3	0.9999351057	8.663704e05	FTASAGIQVVGDDLTVTNPK	sp|P06733|ENOA_HUMAN
6	HeLa	3	0.999704262	4.910926e05	FTPGTFTNQIQAAFR	sp|P08865|RSSA_HUMAN
5	HeLa	3	0.9961699	4.233502e04	FTQAGSEVSALLGR	sp|P06576|ATPB_HUMAN
4	HeLa	3	0.9999732681	1.664028e05	FVDGLM(Oxidation)IHSGDPVNYYVDTAVR	sp|P23396|RS3_HUMAN
5	HeLa	3	0.9999732681	9.045025e05	FVDGLM(Oxidation)IHSGDPVNYYVDTAVR	sp|P23396|RS3_HUMAN
5	HeLa	3	0.999576802	8.267138e04	FVDGLMIHSGDPVNYYVDTAVR	sp|P23396|RS3_HUMAN
5	HeLa	3	0.9815731	6.678206e04	FVDHVFDEQVIDSLTVK	sp|P04843|RPN1_HUMAN
4	HeLa	2	0.99826374	1.057453e05	FVNVVPTFGK	sp|P62861|RS30_HUMAN
5	HeLa	2	0.99826374	8.513894e04	FVNVVPTFGK	sp|P62861|RS30_HUMAN
4	HeLa	2	0.936028	3.91411e04	FVSISDLLVPK	sp|P50395|GDIB_HUMAN
6	HeLa	2	0.936028	2.148383e05	FVSISDLLVPK	sp|P50395|GDIB_HUMAN
5	HeLa	4	0.9131456	4.051295e05	FWEVISDEHGIDPTGTYHGDSDLQLDR	sp|P07437|TBB5_HUMAN
5	HeLa	3	0.999260625	3.33778e05	FYPEDVAEELIQDITQK	sp|P15311|EZRI_HUMAN
5	HeLa	3	0.9784536	9.175689e04	FYPEDVSEELIQDITQR	sp|P26038|MOES_HUMAN
4	HeLa	3	0.999884441	1.800991e05	GAAAHPDSEEQQQR	sp|Q9Y490|TLN1_HUMAN
4	HeLa	3	0.9825334	9.029691e04	GADFLVTEVENGGSLGSK	sp|P14618|KPYM_HUMAN
5	HeLa	3	0.9825334	2.038073e06	GADFLVTEVENGGSLGSK	sp|P14618|KPYM_HUMAN
6	HeLa	3	0.9825334	2.463921e06	GADFLVTEVENGGSLGSK	sp|P14618|KPYM_HUMAN
4	HeLa	2	0.97409	4.982885e04	GADINAPDK	sp|P58546|MTPN_HUMAN
5	HeLa	3	0.927571	8.10777e04	GAGTNEDALIEILTTR	sp|P12429|ANXA3_HUMAN
5	HeLa	3	0.99999832318	3.375633e05	GAHGIIVVYDVTDQESFNNVK	sp|P62820|RAB1A_HUMAN
5	HeLa	3	0.999999331515	8.525605e04	GAHGIIVVYDVTDQESYANVK	sp|Q9H0U4|RAB1B_HUMAN
4	HeLa	2	0.9694165	7.021526e04	GALPLDTVTFYK	sp|P30040|ERP29_HUMAN
4	HeLa	2	0.9232356	1.470846e05	GC(Carbamidomethyl)EVVVSGK	sp|P23396|RS3_HUMAN
5	HeLa	3	0.9633273	3.061255e05	GDTANEIGQVLHFENVK	sp|P36952|SPB5_HUMAN
6	HeLa	3	0.9633273	1.874001e05	GDTANEIGQVLHFENVK	sp|P36952|SPB5_HUMAN
5	HeLa	3	0.9275511	3.709781e04	GEAAAERPGEAAVASSPSK	sp|P29966|MARCS_HUMAN
4	HeLa	3	0.95462	9317.297852	GEAHLAVNDFELAR	sp|Q02790|FKBP4_HUMAN
5	HeLa	2	0.9597913	6.551357e04	GEGPEFDVNLSK	sp|Q09666|AHNK_HUMAN
4	HeLa	3	0.999301046	2.667902e04	GEM(Oxidation)M(Oxidation)DLQHGSLFLR	sp|P00338|LDHA_HUMAN
6	HeLa	3	0.999301046	5.987341e04	GEM(Oxidation)M(Oxidation)DLQHGSLFLR	sp|P00338|LDHA_HUMAN
6	HeLa	3	0.9852903	6.304076e04	GEMM(Oxidation)DLQHGSLFLR	sp|P00338|LDHA_HUMAN
5	HeLa	3	0.9418696	3.092381e05	GEMMDLQHGSLFLQTPK	sp|P07195|LDHB_HUMAN
6	HeLa	3	0.9418696	3.570087e05	GEMMDLQHGSLFLQTPK	sp|P07195|LDHB_HUMAN
6	HeLa	3	0.999857118	6.248978e05	GEMMDLQHGSLFLR	sp|P00338|LDHA_HUMAN
5	HeLa	2	0.99759618	3.574748e04	GESPVDYDGGR	sp|Q15084|PDIA6_HUMAN
4	HeLa	3	0.99888218	4.545003e04	GFAFVTFDDHDTVDK	sp|P51991|ROA3_HUMAN
4	HeLa	3	0.99500044	5.167233e04	GFC(Carbamidomethyl)FITYTDEEPVKK	sp|O14979|HNRDL_HUMAN
5	HeLa	3	0.99500044	1.037162e05	GFC(Carbamidomethyl)FITYTDEEPVKK	sp|O14979|HNRDL_HUMAN
4	HeLa	3	0.999413032	2.756624e05	GFFDPNTHENLTYVQLLR	sp|P58107|EPIPL_HUMAN
6	HeLa	3	0.999413032	3.136661e05	GFFDPNTHENLTYVQLLR	sp|P58107|EPIPL_HUMAN
5	HeLa	3	0.99943065	7.138651e04	GFGFITFTNPEHASVAMR	sp|P98179|RBM3_HUMAN
4	HeLa	3	0.9999884994	1.010178e05	GFGFVTFDDHDPVDK	sp|P22626|ROA2_HUMAN
6	HeLa	3	0.9999884994	2.834784e05	GFGFVTFDDHDPVDK	sp|P22626|ROA2_HUMAN
2	not applicable	2	0.692509	5.303421e04	GFSSGSAVVSGGSR	sp|P35908|K22E_HUMAN
4	HeLa	3	0.999590872	4364.57666	GFVEPDHYVVVGAQR	sp|P02786|TFR1_HUMAN
5	HeLa	3	0.999590872	5.149366e04	GFVEPDHYVVVGAQR	sp|P02786|TFR1_HUMAN
5	HeLa	2	0.9724138	1.699196e05	GFVFITFK	sp|Q99729|ROAA_HUMAN
6	HeLa	2	0.9724138	2.28695e05	GFVFITFK	sp|Q99729|ROAA_HUMAN
6	HeLa	2	0.9212279	2.311913e04	GGGGGGGGGAPRGR	sp|Q07955|SRSF1_HUMAN
5	HeLa	3	0.9906431	8.35069e04	GGGHVAQIYAIR	sp|P62249|RS16_HUMAN
4	HeLa	3	0.9861638	1767.022339	GGHFAAFEEPELLAQDIR	sp|P07099|HYEP_HUMAN
5	HeLa	3	0.99491023	4.577459e05	GHFEAFGTLTDC(Carbamidomethyl)VVVVNPQTK	sp|Q13151|ROA0_HUMAN
6	HeLa	3	0.9498697	5.443827e04	GHIIVDEFQNTNVK	sp|P00390|GSHR_HUMAN
4	HeLa	3	0.99131267	2.616442e04	GHQQLYWSHPR	sp|P62273|RS29_HUMAN
4	HeLa	3	0.99877553	6.282702e04	GHVFEESQVAGTPMFVVK	sp|P13639|EF2_HUMAN
5	HeLa	3	0.9976039	4.530634e04	GIEQAVQSHAVAEEEAR	sp|Q16891|MIC60_HUMAN
5	HeLa	3	0.99513554	1.834848e05	GIFPVLC(Carbamidomethyl)KDPVQEAWAEDVDLR	sp|P14618|KPYM_HUMAN
6	HeLa	3	0.99513554	8.287202e05	GIFPVLC(Carbamidomethyl)KDPVQEAWAEDVDLR	sp|P14618|KPYM_HUMAN
4	HeLa	3	0.999512842	3.259281e05	GINSSNVENQLQATQAAR	sp|P52292|IMA1_HUMAN
6	HeLa	3	0.99877909	1.234202e05	GISEETTTGVHNLYK	sp|P23526|SAHH_HUMAN
5	HeLa	3	0.979632	1.457248e05	GISHVIVDEIHER	sp|Q08211|DHX9_HUMAN
5	HeLa	3	0.99969465	2.286639e05	GITINAAHVEYSTAAR	sp|P49411|EFTU_HUMAN
5	HeLa	3	0.9927375	2.149014e05	GIVDQSQQAYQEAFEISK	sp|P63104|1433Z_HUMAN
4	HeLa	2	0.9852019	6.314777e04	GIVEFSGK	sp|Q15233|NONO_HUMAN
4	HeLa	2	0.9868416	2.247226e05	GLAGAVSELLR	sp|Q9Y490|TLN1_HUMAN
5	HeLa	3	0.9173342	1.121053e05	GLC(Carbamidomethyl)AIAQAESLR	sp|P23396|RS3_HUMAN
4	HeLa	3	0.999320334	8.540358e04	GLDVDSLVIEHIQVNK	sp|P18621|RL17_HUMAN
5	HeLa	3	0.999320334	2.182116e05	GLDVDSLVIEHIQVNK	sp|P18621|RL17_HUMAN
4	HeLa	3	0.999594199	9560.282227	GLESTTLADKDGEIYC(Carbamidomethyl)K	sp|P21291|CSRP1_HUMAN
5	HeLa	3	0.9791111	1.865438e05	GLGTDEESILTLLTSR	sp|P08758|ANXA5_HUMAN
4	HeLa	3	0.999315221	5.912266e04	GLHVVEVTYDDVPIPNSPFK	sp|O75369|FLNB_HUMAN
5	HeLa	3	0.999315221	2.384761e05	GLHVVEVTYDDVPIPNSPFK	sp|O75369|FLNB_HUMAN
6	HeLa	3	0.999315221	1.043126e05	GLHVVEVTYDDVPIPNSPFK	sp|O75369|FLNB_HUMAN
5	HeLa	3	0.999872575	3.845651e04	GLIEIISNAAEYENIPIR	sp|O75643|U520_HUMAN
5	HeLa	3	0.9443043	4.345483e04	GLLSSLDHTSIR	sp|P08574|CY1_HUMAN
4	HeLa	3	0.9999180999	9.346991e04	GLSEDTTEETLKESFDGSVR	sp|P19338|NUCL_HUMAN
5	HeLa	3	0.9999180999	6.816422e05	GLSEDTTEETLKESFDGSVR	sp|P19338|NUCL_HUMAN
5	HeLa	2	0.999949729	1.499237e05	GLSQSALPYR	sp|P62277|RS13_HUMAN
4	HeLa	3	0.9666601	2.708197e05	GM(Oxidation)LREDAVLEYLK	sp|P26038|MOES_HUMAN
5	HeLa	3	0.9850603	6.015833e04	GNFGGSFAGSFGGAGGHAPGVAR	sp|P52272|HNRPM_HUMAN
4	HeLa	3	0.9899554	2.978647e04	GNVFSSPTAAGTPNKETAGLK	sp|Q05682|CALD1_HUMAN
4	HeLa	3	0.9711287	9.741451e04	GPAVGIDLGTTYSC(Carbamidomethyl)VGVFQHGK	sp|P11142|HSP7C_HUMAN
5	HeLa	3	0.9711287	3.274666e06	GPAVGIDLGTTYSC(Carbamidomethyl)VGVFQHGK	sp|P11142|HSP7C_HUMAN
5	HeLa	2	0.9932269	6.955623e05	GPSSVEDIK	sp|P06748|NPM_HUMAN
4	HeLa	2	0.981619	4.331944e05	GPSWDPFR	sp|P04792|HSPB1_HUMAN
5	HeLa	4	0.99643772	1.015385e05	GPYESGSGHSSGLGHR	sp|Q86YZ3|HORN_HUMAN
6	HeLa	2	0.99007381	5.583759e04	GQLEALQVDGGR	sp|P08729|K2C7_HUMAN
6	HeLa	3	0.870271	6.085528e04	GQPIYIQFSNHK	sp|P26599|PTBP1_HUMAN
4	HeLa	3	0.891754	3.300405e05	GSAVHQLSEELR	sp|P58107|EPIPL_HUMAN
4	HeLa	2	0.9329952	3.189266e04	GSDFDC(Carbamidomethyl)ELR	sp|P61978|HNRPK_HUMAN
4	HeLa	3	0.99830438	4.247791e04	GSSC(Carbamidomethyl)FEC(Carbamidomethyl)THYQSFLEYR	sp|P21964|COMT_HUMAN
5	HeLa	3	0.999463887	2.300122e05	GSYGDLGGPIITTQVTIPK	sp|P61978|HNRPK_HUMAN
6	HeLa	3	0.9004851	5.021276e04	GTDVNVFNTILTTR	sp|P04083|ANXA1_HUMAN
4	HeLa	3	0.9683203	2.182639e04	GTTGTQASFLQLFEGDDHK	sp|P30566|PUR8_HUMAN
5	HeLa	2	0.9534416	2.714052e04	GTTITLVLK	sp|P14625|ENPL_HUMAN
6	HeLa	3	0.837943	1.032399e04	GVDEATIIDILTK	sp|P04083|ANXA1_HUMAN
4	HeLa	3	0.99987271	6.992795e04	GVM(Oxidation)LAVDAVIAELKK	sp|P10809|CH60_HUMAN
5	HeLa	3	0.99987271	1.09633e05	GVM(Oxidation)LAVDAVIAELKK	sp|P10809|CH60_HUMAN
6	HeLa	3	0.99987271	2.002694e04	GVM(Oxidation)LAVDAVIAELKK	sp|P10809|CH60_HUMAN
5	HeLa	3	0.9803357	2.049082e04	GVMLAVDAVIAELK	sp|P10809|CH60_HUMAN
4	HeLa	2	0.942981	2.780065e05	GVPTGFILPIR	sp|P11586|C1TC_HUMAN
6	HeLa	3	0.9206335	1.206946e05	GVVDSEDIPLNLSR	sp|Q12931|TRAP1_HUMAN
6	HeLa	3	0.9724543	2.811543e04	GYAFIEYEHER	sp|P08621|RU17_HUMAN
5	HeLa	3	0.999081625	3.659995e04	GYAFNHSADFETVR	sp|P61160|ARP2_HUMAN
5	HeLa	3	0.99239583	7.927415e04	HELLQPFNVLYEK	sp|Q9UQ80|PA2G4_HUMAN
4	HeLa	3	0.999054327	2.643647e04	HELQANC(Carbamidomethyl)YEEVK	sp|P23528|COF1_HUMAN
4	HeLa	3	0.99999207142	5.063653e05	HELQANC(Carbamidomethyl)YEEVKDR	sp|P23528|COF1_HUMAN
4	HeLa	3	0.99888456	5.074312e04	HEQNIDC(Carbamidomethyl)GGGYVK	sp|P27797|CALR_HUMAN
6	HeLa	3	0.99888456	3.500566e04	HEQNIDC(Carbamidomethyl)GGGYVK	sp|P27797|CALR_HUMAN
4	HeLa	3	0.9495289	4.710566e04	HFSVTAEGGLSPAQVTGAR	sp|Q93084|AT2A3_HUMAN
6	HeLa	3	0.9620414	1.038689e05	HLAGLGLTEAIDK	sp|P50454|SERPH_HUMAN
5	HeLa	3	0.9999641631	5.993241e04	HLEINPDHSIIETLR	sp|P07900|HS90A_HUMAN
5	HeLa	3	0.999161422	9.22386e04	HLLVSNVGGDGEEIER	sp|O75694|NU155_HUMAN
4	HeLa	2	0.99309961	1.151038e05	HLSVNDLPVGR	sp|P30048|PRDX3_HUMAN
5	HeLa	2	0.99309961	1.191243e05	HLSVNDLPVGR	sp|P30048|PRDX3_HUMAN
5	HeLa	3	0.9999402054	6.850299e04	HLYTLDGGDIINALC(Carbamidomethyl)FSPNR	sp|P63244|RACK1_HUMAN
4	HeLa	3	0.99844988	4.071006e04	HQAFEAELHANADR	sp|Q13813|SPTN1_HUMAN
4	HeLa	3	0.9225418	1.91968e04	HQAQIDHYLGLANK	sp|Q9NQC3|RTN4_HUMAN
4	HeLa	3	0.9869396	2.264742e05	HSGIGHGQASSAVR	sp|P20930|FILA_HUMAN
4	HeLa	3	0.9891035	4664.51416	HSGNITFDEIVNIAR	sp|P30050|RL12_HUMAN
4	HeLa	3	0.99889851	1.371784e05	HSGPNSADSANDGFVR	sp|P52597|HNRPF_HUMAN
4	HeLa	2	0.899011	1.775345e05	HSTLDFMLGAK	sp|P52788|SPSY_HUMAN
4	HeLa	3	0.99999999905267	1.680702e05	HTGPGILSM(Oxidation)ANAGPNTNGSQFFIC(Carbamidomethyl)TAK	sp|P62937|PPIA_HUMAN
5	HeLa	3	0.999999571809	1.205212e05	HTGPGILSMANAGPNTNGSQFFIC(Carbamidomethyl)TAK	sp|P62937|PPIA_HUMAN
6	HeLa	3	0.999999571809	6.788936e05	HTGPGILSMANAGPNTNGSQFFIC(Carbamidomethyl)TAK	sp|P62937|PPIA_HUMAN
6	HeLa	3	0.9747927	1.633236e04	HVAAGTQQPYTDGVR	sp|P14923|PLAK_HUMAN
6	HeLa	3	0.999737327	8.654895e04	HVGNQQYNVTYVVK	sp|O75369|FLNB_HUMAN
5	HeLa	3	0.9419286	2.56967e05	HYGFQLYQSDPSGNYGGWK	sp|P25789|PSA4_HUMAN
5	HeLa	3	0.999129665	1.422966e05	IAALQAFADQLIAAGHYAK	sp|Q13813|SPTN1_HUMAN
4	HeLa	3	0.9852978	2.31898e05	IAEFTTNLTEEEEKSK	sp|P35579|MYH9_HUMAN
5	HeLa	2	0.99417658	4.255975e04	IAEVDASVVR	sp|P31930|QCR1_HUMAN
4	HeLa	2	0.9882045	3.179039e05	IC(Carbamidomethyl)DDELILIK	sp|P17987|TCPA_HUMAN
5	HeLa	2	0.9882045	2.731139e05	IC(Carbamidomethyl)DDELILIK	sp|P17987|TCPA_HUMAN
5	HeLa	3	0.999119091	1.663556e05	IC(Carbamidomethyl)HQIEYYFGDFNLPR	sp|P05455|LA_HUMAN
4	HeLa	3	0.9999824443	6.318454e04	IDAAQNWLADPNGGPEGEEQIR	sp|P18206|VINC_HUMAN
6	HeLa	2	0.99883764	2.79472e04	IDATSASVLASR	sp|P13667|PDIA4_HUMAN
4	HeLa	3	0.99135311	9.988817e04	IDEYDYSKPIQGQQK	sp|P31040|SDHA_HUMAN
5	HeLa	3	0.9999675261	8.583227e04	IEAELQDIC(Carbamidomethyl)NDVLELLDK	sp|P31946|1433B_HUMAN
5	HeLa	3	0.999809145	2.678664e05	IEGDMIVC(Carbamidomethyl)AAYAHELPK	sp|P46777|RL5_HUMAN
5	HeLa	3	0.9735277	4.149683e04	IEQLQNHENEDIYK	sp|O00629|IMA3_HUMAN
5	HeLa	2	0.99770459	3.562879e04	IETIEVMEDR	sp|P51991|ROA3_HUMAN
4	HeLa	3	0.9807874	3.47004e04	IEWLESHQDADIEDFK	sp|P11021|BIP_HUMAN
5	HeLa	3	0.9807874	5.813961e04	IEWLESHQDADIEDFK	sp|P11021|BIP_HUMAN
4	HeLa	2	0.99664739	8.82563e05	IFGVTTLDIVR	sp|P40926|MDHM_HUMAN
6	HeLa	2	0.99664739	4271.169434	IFGVTTLDIVR	sp|P40926|MDHM_HUMAN
4	HeLa	3	0.982952	6.815175e04	IFSGSSHQDLSQK	sp|P21108|PRPS3_HUMAN;sp|P60891|PRPS1_HUMAN
4	HeLa	3	0.9999017438	3.778055e04	IFVGGIKEDTEEYNLR	sp|P51991|ROA3_HUMAN
6	HeLa	3	0.9048369	6.474012e04	IFVGGIPHNC(Carbamidomethyl)GETELR	sp|Q96EP5|DAZP1_HUMAN
5	HeLa	3	0.99271565	3.012965e05	IGEHTPSALAIMENANVLAR	sp|P04075|ALDOA_HUMAN
1	not applicable	3	0.666515	2.858012e04	IGGVQQDTILAEGLHFR	sp|Q99623|PHB2_HUMAN
4	HeLa	2	0.899786	7.258564e04	IGHPAPNFK	sp|Q06830|PRDX1_HUMAN
5	HeLa	3	0.99342384	7.66736e04	IGITNHDEYSLVR	sp|Q9Y490|TLN1_HUMAN
4	HeLa	2	0.893621	1.289266e05	IGLETVGVK	sp|Q16881|TRXR1_HUMAN
4	HeLa	3	0.999694203	2.658002e04	IGSC(Carbamidomethyl)TQQDVELHVQK	sp|P14868|SYDC_HUMAN
6	HeLa	3	0.999694203	8.163103e04	IGSC(Carbamidomethyl)TQQDVELHVQK	sp|P14868|SYDC_HUMAN
5	HeLa	4	0.9567509	3.28837e05	IHEGC(Carbamidomethyl)EEPATHNALAK	sp|Q00610|CLH1_HUMAN
4	HeLa	3	0.99483261	7.92903e04	IHNAENIQPGEQK	sp|Q04637|IF4G1_HUMAN
5	HeLa	3	0.999003422	3.117003e04	IHSDC(Carbamidomethyl)AANQQVTYR	sp|Q02413|DSG1_HUMAN
5	HeLa	3	0.9999184083	1.777401e05	IIGAVDQIQLTQAQLEER	sp|Q6NZI2|CAVN1_HUMAN
4	HeLa	3	0.999893902	3.614956e04	IIHEDGYSEEEC(Carbamidomethyl)R	sp|P04899|GNAI2_HUMAN
5	HeLa	2	0.9169592	9.219027e04	IINNTENLVR	sp|Q9Y617|SERC_HUMAN
6	HeLa	3	0.99898035	1.929289e06	IISNASC(Carbamidomethyl)TTNC(Carbamidomethyl)LAPLAK	sp|P04406|G3P_HUMAN
5	HeLa	4	0.99611921	5.043077e04	IITITGTQDQIQNAQYLLQNSVK	sp|P61978|HNRPK_HUMAN
4	HeLa	2	0.99579923	8.396119e04	IITLTGPTNAIFK	sp|Q15365|PCBP1_HUMAN
5	HeLa	2	0.99579923	1.075356e05	IITLTGPTNAIFK	sp|Q15365|PCBP1_HUMAN
4	HeLa	2	0.99835762	1.370247e05	IIYGGSVTGATC(Carbamidomethyl)K	sp|P60174|TPIS_HUMAN
5	HeLa	3	0.99979666	9.899926e04	ILAIGLINEALDEGDAQK	sp|P46940|IQGA1_HUMAN
6	HeLa	3	0.99979666	2.437269e04	ILAIGLINEALDEGDAQK	sp|P46940|IQGA1_HUMAN
5	HeLa	3	0.9887194	1.818917e06	ILDSVGIEADDDRLNK	sp|P05387|RLA2_HUMAN
6	HeLa	3	0.9550301	1.570892e05	ILFIFIDSDHTDNQR	sp|P07237|PDIA1_HUMAN
4	HeLa	2	0.942353	4.036333e04	ILGLLDAYLK	sp|P26641|EF1G_HUMAN
6	HeLa	2	0.942353	3.776749e05	ILGLLDAYLK	sp|P26641|EF1G_HUMAN
4	HeLa	3	0.9333515	7.492584e04	ILIANTGMDTDKIK	sp|P78371|TCPB_HUMAN
4	HeLa	3	0.9830758	2.226684e06	ILLAELEQLKGQGK	sp|P08670|VIME_HUMAN
6	HeLa	3	0.9445989	1.586668e04	ILLANFLAQTEALM(Oxidation)R	sp|P06744|G6PI_HUMAN
5	HeLa	3	0.9999555357	8.635795e04	ILLANFLAQTEALMR	sp|P06744|G6PI_HUMAN
5	HeLa	3	0.99876079	5.528604e05	ILTATVDNANILLQIDNAR	sp|Q04695|K1C17_HUMAN
4	HeLa	2	0.924302	8.3659e04	ILVATNLFGR	sp|O00148|DX39A_HUMAN;sp|Q13838|DX39B_HUMAN
4	HeLa	3	0.9883383	4.760201e04	ILVLDDTNHER	sp|P09543|CN37_HUMAN
6	HeLa	2	0.999147617	2.874117e04	ILVVNAAYFVGK	sp|P36952|SPB5_HUMAN
4	HeLa	3	0.9478374	2.106828e04	IMLEDGNLHVTQGAGR	sp|Q14195|DPYL3_HUMAN
4	HeLa	2	0.9757471	7.978493e04	IMLGNLVEAK	DECOY_sp|Q12840|KIF5A_HUMAN
4	HeLa	2	0.9566133	5.449469e04	IMSIVDPNR	sp|P12814|ACTN1_HUMAN
5	HeLa	2	0.9421851	3.848808e04	INQLYEQAK	sp|Q96AC1|FERM2_HUMAN
6	HeLa	3	0.99435314	4.041477e04	INQVFHGSC(Carbamidomethyl)ITEGNELTK	sp|P78527|PRKDC_HUMAN
4	HeLa	2	0.999556986	1.011863e05	INVYYNEATGGK	sp|P68371|TBB4B_HUMAN
4	HeLa	2	0.9192739	7886.24707	IPADTFAALK	sp|P46940|IQGA1_HUMAN
4	HeLa	2	0.9879331	1.334435e05	IPDWFLNR	sp|P62269|RS18_HUMAN
4	HeLa	2	0.9678356	1.347003e06	IQEAGTEVVK	sp|P40926|MDHM_HUMAN
4	HeLa	2	0.988106	2.410526e05	IQELEDLLAK	sp|P20700|LMNB1_HUMAN
4	HeLa	2	0.9853113	5.229255e05	IQEVADELQK	sp|P18085|ARF4_HUMAN
6	HeLa	3	0.86816	2.743024e04	IQVLVEPDHFK	sp|P17931|LEG3_HUMAN
5	HeLa	2	0.9495705	1.667113e05	IQYYC(Carbamidomethyl)HEPYYK	sp|P00736|C1R_HUMAN
4	HeLa	3	0.99255446	1.325519e05	IRIDSLSAQLSQLQK	sp|P02545|LMNA_HUMAN
4	HeLa	3	0.999853316	2.152578e04	ISDEDWDIIHR	sp|P51659|DHB4_HUMAN
5	HeLa	3	0.99446603	7.445149e04	ISFDEFVYIFQEVK	sp|P13797|PLST_HUMAN
4	HeLa	3	0.99837784	1.163039e05	ISIEMNGTLEDQLSHLK	sp|O43707|ACTN4_HUMAN
5	HeLa	3	0.999687431	7.782295e04	ISLPLPNFSSLNLR	sp|P08670|VIME_HUMAN
5	HeLa	2	0.9969783	1.065867e04	ISMPDIDLNLK	sp|Q09666|AHNK_HUMAN
3	not applicable	3	0.481715	2.068776e05	ISSIQSIVPALEIANAHR	sp|P10809|CH60_HUMAN
4	HeLa	3	0.99024878	9627.813477	ISSSKGSLGGGFSSGGFSGGSFSR	sp|P13645|K1C10_HUMAN
2	not applicable	2	0.737717	2.943358e04	ISVYYNEATGGK	sp|P07437|TBB5_HUMAN
6	HeLa	2	0.737717	3.630578e05	ISVYYNEATGGK	sp|P07437|TBB5_HUMAN
2	not applicable	2	0.710046	1.117559e06	ITESEEVVSR	sp|P02545|LMNA_HUMAN
4	HeLa	2	0.710046	1.585243e06	ITESEEVVSR	sp|P02545|LMNA_HUMAN
6	HeLa	2	0.710046	2.230799e06	ITESEEVVSR	sp|P02545|LMNA_HUMAN
5	HeLa	3	0.9999720515	5.021749e05	ITFHGEGDQEPGLEPGDIIIVLDQK	sp|P31689|DNJA1_HUMAN
4	HeLa	2	0.9443346	1.539195e05	ITGC(Carbamidomethyl)ASPGK	sp|P50991|TCPD_HUMAN
4	HeLa	2	0.990015	5.776721e04	ITITNDQNR	sp|P11021|BIP_HUMAN
4	HeLa	3	0.9696817	1.241014e04	ITKPGSIDSNNQLFAPGGR	sp|Q04637|IF4G1_HUMAN
4	HeLa	2	0.99715472	5.805761e05	ITLPVDFVTADK	sp|P00558|PGK1_HUMAN
5	HeLa	2	0.99715472	3.32922e05	ITLPVDFVTADK	sp|P00558|PGK1_HUMAN
6	HeLa	2	0.99715472	6.769723e06	ITLPVDFVTADK	sp|P00558|PGK1_HUMAN
4	HeLa	3	0.999763739	1.02234e05	ITLPVDFVTADKFDENAK	sp|P00558|PGK1_HUMAN
6	HeLa	3	0.9331871	5.952051e04	ITLQDVVSHSK	sp|P46940|IQGA1_HUMAN
5	HeLa	3	0.9032365	9.746291e04	ITVPGNFQGHSGAQC(Carbamidomethyl)ITC(Carbamidomethyl)SYK	sp|Q08945|SSRP1_HUMAN
5	HeLa	3	0.999999889357	9.874669e04	ITVVGVGQVGMAC(Carbamidomethyl)AISILGK	sp|P07195|LDHB_HUMAN
6	HeLa	3	0.999999889357	3.40652e05	ITVVGVGQVGMAC(Carbamidomethyl)AISILGK	sp|P07195|LDHB_HUMAN
4	HeLa	3	0.9999749678	5.837398e04	IVFSGNLFQHQEDSK	sp|Q96TA1|NIBA2_HUMAN
4	HeLa	3	0.9999340819	2.453104e04	IVLDSDAAEYGGHQR	sp|Q04446|GLGB_HUMAN
4	HeLa	3	0.999099018	2.764589e04	IVLEDGTLHVTEGSGR	sp|Q16555|DPYL2_HUMAN
6	HeLa	3	0.999099018	3.995612e04	IVLEDGTLHVTEGSGR	sp|Q16555|DPYL2_HUMAN
5	HeLa	3	0.9722115	2.740449e04	IVSQLLTLMDGLK	sp|P55072|TERA_HUMAN
4	HeLa	4	0.999486697	2.294179e05	KAVGGLGKLGKDAVEDLESVGK	sp|P81605|DCD_HUMAN
5	HeLa	4	0.999486697	1.189486e06	KAVGGLGKLGKDAVEDLESVGK	sp|P81605|DCD_HUMAN
6	HeLa	4	0.999486697	5.016844e05	KAVGGLGKLGKDAVEDLESVGK	sp|P81605|DCD_HUMAN
5	HeLa	3	0.9556129	3.616096e05	KDDEENYLDLFSHK	sp|Q07666|KHDR1_HUMAN
4	HeLa	2	0.9719036	2.844566e05	KDVDAAYMSK	sp|P08729|K2C7_HUMAN
5	HeLa	3	0.9802154	3.708751e04	KDVIELTDDSFDK	sp|Q15084|PDIA6_HUMAN
4	HeLa	3	0.9490815	3.147867e05	KEDLYLKPIQR	sp|P13639|EF2_HUMAN
4	HeLa	3	0.9735275	2.395048e04	KEETQPPVALKK	sp|Q8NC51|PAIRB_HUMAN
4	HeLa	3	0.99629208	4.81511e05	KEGPYDVVVLPGGNLGAQNLSESAAVK	sp|Q99497|PARK7_HUMAN
5	HeLa	3	0.99629208	2.737277e05	KEGPYDVVVLPGGNLGAQNLSESAAVK	sp|Q99497|PARK7_HUMAN
4	HeLa	3	0.99918381	2.037341e04	KEIEELQSQAQALSQEGK	sp|Q01082|SPTB2_HUMAN
6	HeLa	3	0.99918381	8.845307e04	KEIEELQSQAQALSQEGK	sp|Q01082|SPTB2_HUMAN
4	HeLa	3	0.99482838	9.830409e04	KENESLTHSTDR	sp|Q8WX93|PALLD_HUMAN
4	HeLa	2	0.9532987	6.993213e04	KEPAVLELEGK	sp|Q01518|CAP1_HUMAN
4	HeLa	3	0.9805364	4.810705e04	KEVAFFNNFLTDAK	sp|Q9BXP5|SRRT_HUMAN
5	HeLa	4	0.9974749	1.829116e05	KGADSLEDFLYHEGYAC(Carbamidomethyl)TSIHGDR	sp|O00571|DDX3X_HUMAN;sp|O15523|DDX3Y_HUMAN
4	HeLa	2	0.9209315	1.742823e05	KLNVTEQEK	sp|P06733|ENOA_HUMAN
6	HeLa	3	0.9614521	2.777234e05	KLQQHQAGEYFC(Carbamidomethyl)K	sp|O75339|CILP1_HUMAN
4	HeLa	3	0.999192998	1.708453e05	KMEDSVGC(Carbamidomethyl)LETAEEVK	sp|P35579|MYH9_HUMAN
1	not applicable	3	0.884252	2.322038e05	KPLVIIAEDVDGEALSTLVLNR	sp|P10809|CH60_HUMAN
5	HeLa	3	0.884252	4.104887e05	KPLVIIAEDVDGEALSTLVLNR	sp|P10809|CH60_HUMAN
5	HeLa	3	0.99841212	3.46901e04	KPPLLNNADSVQAK	sp|P09874|PARP1_HUMAN
5	HeLa	3	0.99738894	9.333522e04	KQELEEIC(Carbamidomethyl)HDLEAR	sp|P35579|MYH9_HUMAN
4	HeLa	3	0.999839865	3.063732e05	KQISNLQQSISDAEQR	sp|P04264|K2C1_HUMAN
5	HeLa	3	0.999839865	1.105682e05	KQISNLQQSISDAEQR	sp|P04264|K2C1_HUMAN
6	HeLa	3	0.999839865	1.157956e05	KQISNLQQSISDAEQR	sp|P04264|K2C1_HUMAN
5	HeLa	3	0.9595741	3.61948e04	KSLDTTDNWHIR	sp|Q96TA2|YMEL1_HUMAN
4	HeLa	3	0.9999255424	8.672792e04	KTQEQLALEMAELTAR	sp|P26038|MOES_HUMAN
6	HeLa	3	0.9999255424	7.478173e04	KTQEQLALEMAELTAR	sp|P26038|MOES_HUMAN
5	HeLa	3	0.999575892	1.315278e05	KVEEAEPEEFVVEK	sp|Q13185|CBX3_HUMAN
6	HeLa	3	0.99279166	7.137047e04	KVPQVSTPTLVEVSR	sp|P02768|ALBU_HUMAN
4	HeLa	3	0.9865959	5.683609e04	KYEDIC(Carbamidomethyl)PSTHNM(Oxidation)DVPNIK	sp|P63241|IF5A1_HUMAN;sp|Q6IS14|IF5AL_HUMAN;sp|Q9GZV4|IF5A2_HUMAN
6	HeLa	4	0.9078606	1.022385e05	KYEDIC(Carbamidomethyl)PSTHNM(Oxidation)DVPNIK	sp|P63241|IF5A1_HUMAN;sp|Q6IS14|IF5AL_HUMAN;sp|Q9GZV4|IF5A2_HUMAN
6	HeLa	3	0.9804217	6.80591e04	KYEDIC(Carbamidomethyl)PSTHNMDVPNIK	sp|P63241|IF5A1_HUMAN;sp|Q6IS14|IF5AL_HUMAN;sp|Q9GZV4|IF5A2_HUMAN
4	HeLa	3	0.999860004	3.030691e04	KYGETANEC(Carbamidomethyl)GEAFFFYGK	sp|P49321|NASP_HUMAN
4	HeLa	2	0.99214987	4.631404e04	LAANAFLAQR	sp|O60701|UGDH_HUMAN
5	HeLa	2	0.99214987	1.115831e05	LAANAFLAQR	sp|O60701|UGDH_HUMAN
4	HeLa	3	0.999420553	8.813993e04	LAASGEGGLQELSGHFENQK	sp|Q16643|DREB_HUMAN
5	HeLa	3	0.999420553	1.008612e05	LAASGEGGLQELSGHFENQK	sp|Q16643|DREB_HUMAN
5	HeLa	2	0.9758393	3.640489e04	LAC(Carbamidomethyl)DVDQVTR	sp|P78527|PRKDC_HUMAN
4	HeLa	3	0.999547533	1.802051e05	LAELEEFINGPNNAHIQQVGDR	sp|Q00610|CLH1_HUMAN
5	HeLa	3	0.999547533	8.216348e05	LAELEEFINGPNNAHIQQVGDR	sp|Q00610|CLH1_HUMAN
6	HeLa	3	0.999547533	4.477252e05	LAELEEFINGPNNAHIQQVGDR	sp|Q00610|CLH1_HUMAN
5	HeLa	3	0.951446	1.334197e05	LAFAYLEDLHSEFDEQHGK	sp|O75396|SC22B_HUMAN
5	HeLa	2	0.9751997	1.027191e05	LAGESESNLR	sp|P55072|TERA_HUMAN
4	HeLa	3	0.9999381193	1.014638e05	LAGTQPLEVLEAVQR	sp|P22314|UBA1_HUMAN
4	HeLa	3	0.9691069	4.102785e04	LAILGIHNEVSK	sp|P12814|ACTN1_HUMAN
5	HeLa	2	0.99623979	1.023028e06	LALDLEIATYR	sp|P04264|K2C1_HUMAN
5	HeLa	2	0.9657591	8.396353e04	LALDYGIK	sp|P61006|RAB8A_HUMAN
4	HeLa	3	0.99677883	6.043753e04	LAQANGWGVM(Oxidation)VSHR	sp|P06733|ENOA_HUMAN
4	HeLa	3	0.99176155	9.030367e04	LAQANGWGVMVSHR	sp|P06733|ENOA_HUMAN
5	HeLa	3	0.99176155	9.974626e04	LAQANGWGVMVSHR	sp|P06733|ENOA_HUMAN
4	HeLa	3	0.9999603256	7.232822e04	LAQGHTTVDELAR	sp|Q15149|PLEC_HUMAN
5	HeLa	3	0.9999603256	7.466204e04	LAQGHTTVDELAR	sp|Q15149|PLEC_HUMAN
6	HeLa	3	0.888851	3.807306e04	LASTLVHLGEYQAAVDGAR	sp|Q00610|CLH1_HUMAN
4	HeLa	2	0.99737158	5.97417e04	LATNAAVTVLR	sp|P50990|TCPQ_HUMAN
5	HeLa	2	0.99737158	1.612495e05	LATNAAVTVLR	sp|P50990|TCPQ_HUMAN
6	HeLa	3	0.99573515	1.619873e05	LATQSNEITIPVTFESR	sp|P04792|HSPB1_HUMAN
4	HeLa	3	0.999246103	4.370122e04	LC(Carbamidomethyl)DEQLSSQSHYDFGLR	sp|Q14204|DYHC1_HUMAN
6	HeLa	3	0.999246103	1.93208e04	LC(Carbamidomethyl)DEQLSSQSHYDFGLR	sp|Q14204|DYHC1_HUMAN
4	HeLa	3	0.99678907	4.578427e04	LC(Carbamidomethyl)PGGQLPFLLYGTEVHTDTNK	sp|O00299|CLIC1_HUMAN
2	not applicable	2	0.611635	4676.625977	LC(Carbamidomethyl)TSATESEVAR	sp|P31930|QCR1_HUMAN
5	HeLa	2	0.99836683	1.447385e05	LDADPSLQR	sp|P08729|K2C7_HUMAN
6	HeLa	2	0.9432826	2.10625e05	LDIDSPPITAR	sp|P14618|KPYM_HUMAN
4	HeLa	2	0.9088268	5.393038e04	LDPAQSASR	sp|Q13813|SPTN1_HUMAN
6	HeLa	2	0.844263	4.51657e04	LDSTDFTGTIK	sp|P02786|TFR1_HUMAN
6	HeLa	3	0.9797006	5.05836e04	LDYGQHVVAGTPGR	sp|P38919|IF4A3_HUMAN
4	HeLa	3	0.9380086	3.453079e05	LEAAIAEAEERGELALK	sp|P08729|K2C7_HUMAN
4	HeLa	2	0.9448001	1.160156e06	LEAALGEAK	sp|P02545|LMNA_HUMAN
4	HeLa	2	0.9404557	1.5833e05	LEAEIATYR	sp|P05783|K1C18_HUMAN
5	HeLa	2	0.9404557	7.441572e04	LEAEIATYR	sp|P05783|K1C18_HUMAN
4	HeLa	3	0.913287	4.62558e05	LEAVSHTSDMHR	sp|Q01518|CAP1_HUMAN
4	HeLa	2	0.99503546	4.021749e04	LEC(Carbamidomethyl)VEPNC(Carbamidomethyl)R	sp|P83881|RL36A_HUMAN;sp|Q969Q0|RL36L_HUMAN
4	HeLa	2	0.99563171	8.104789e04	LEDVLPLAFTR	sp|Q5SSJ5|HP1B3_HUMAN
5	HeLa	3	0.99048053	7.166953e04	LEEEQIILEDQNC(Carbamidomethyl)K	sp|P35579|MYH9_HUMAN
4	HeLa	3	0.9705419	1.941869e04	LEGDLSLADKDVTAK	sp|Q8IVF2|AHNK2_HUMAN
5	HeLa	3	0.9999217585	1.181044e05	LEGVLAEVAQHYQDTLIR	sp|P46940|IQGA1_HUMAN
4	HeLa	3	0.9591365	3.446053e05	LEHEYIQNFK	sp|Q15691|MARE1_HUMAN
5	HeLa	3	0.999364986	1.124809e05	LEQLNQYPDFNNYLIFVLTK	sp|Q92973|TNPO1_HUMAN
4	HeLa	3	0.9642606	4081.951904	LESGM(Oxidation)QNM(Oxidation)SIHTK	sp|P05787|K2C8_HUMAN
4	HeLa	3	0.982899	1.651547e05	LESGMQNMSIHTK	sp|P05787|K2C8_HUMAN
5	HeLa	3	0.982899	6.537048e04	LESGMQNMSIHTK	sp|P05787|K2C8_HUMAN
5	HeLa	3	0.9881468	7.149211e04	LETAVNLAWTAGNSNTR	sp|P21796|VDAC1_HUMAN
4	HeLa	3	0.9999822242	2.369538e04	LFFHC(Carbamidomethyl)SQYNGNLQDLK	sp|O75534|CSDE1_HUMAN
4	HeLa	2	0.999895363	2.027208e05	LFVTNDAATILR	sp|P50990|TCPQ_HUMAN
5	HeLa	2	0.999895363	2.269154e05	LFVTNDAATILR	sp|P50990|TCPQ_HUMAN
6	HeLa	2	0.999895363	2.485684e05	LFVTNDAATILR	sp|P50990|TCPQ_HUMAN
6	HeLa	3	0.99784358	1.249205e05	LFYADHPFIFLVR	sp|P50454|SERPH_HUMAN
5	HeLa	3	0.9486762	1.616812e04	LGANSLLDLVVFGR	sp|P31040|SDHA_HUMAN
5	HeLa	2	0.9205443	2.512235e05	LGDLYEEEMR	sp|P08670|VIME_HUMAN
5	HeLa	3	0.9628271	3.518632e04	LGEMWNNTAADDKQPYEK	sp|P09429|HMGB1_HUMAN
5	HeLa	2	0.99103367	1.295117e05	LGEYEDVSR	sp|Q99426|TBCB_HUMAN
4	HeLa	2	0.9835403	3.465843e04	LGFQVWLK	sp|Q01995|TAGL_HUMAN
5	HeLa	3	0.999860535	3.479889e05	LGGLTQAPGNPVLAVQINQDK	sp|P26368|U2AF2_HUMAN
4	HeLa	3	0.9999719674	2.629926e04	LGGSPTSLGTWGSWIGPDHDK	sp|P14314|GLU2B_HUMAN
4	HeLa	3	0.9831647	3.348564e04	LGKDAVEDLESVGK	sp|P81605|DCD_HUMAN
6	HeLa	3	0.908907	7.44334e04	LGLALNFSVFHYEIANSPEEAISLAK	sp|P31947|1433S_HUMAN
5	HeLa	3	0.966009	5.572558e04	LGLALNFSVFYYEILNSPDR	sp|P62258|1433E_HUMAN
6	HeLa	3	0.999522256	1.560875e05	LGLVFDDVVGIVEIINSK	sp|Q01518|CAP1_HUMAN
6	HeLa	3	0.999091259	4.287588e04	LGQSDPAPLQHQMDIYQK	sp|P29401|TKT_HUMAN
5	HeLa	3	0.999623284	7.717079e04	LHIIEVGTPPTGNQPFPK	sp|Q00610|CLH1_HUMAN
5	HeLa	2	0.9734236	4.94644e04	LHIVQVVC(Carbamidomethyl)K	sp|O00299|CLIC1_HUMAN
4	HeLa	2	0.9738715	1.74832e04	LIADVAPSAIR	sp|P39748|FEN1_HUMAN
5	HeLa	2	0.9738715	4.773081e04	LIADVAPSAIR	sp|P39748|FEN1_HUMAN
6	HeLa	3	0.9999464337	1.437181e05	LIALSIDSVEDHLAWSK	sp|P30041|PRDX6_HUMAN
4	HeLa	2	0.9766635	1.347561e05	LIANNTTVER	sp|O96019|ACL6A_HUMAN
5	HeLa	3	0.99103164	5.904905e04	LIEGLSHEVIVSAAC(Carbamidomethyl)GR	sp|Q9P258|RCC2_HUMAN
4	HeLa	3	0.9320655	1.45196e04	LIHPDEDISLEER	sp|O43670|ZN207_HUMAN
5	HeLa	3	0.99999985169	1.527938e05	LIIVSNPVDILTYVAWK	sp|Q9BYZ2|LDH6B_HUMAN
4	HeLa	3	0.9999825877	1.996283e05	LILDVFC(Carbamidomethyl)GSQMHFVR	sp|P11413|G6PD_HUMAN
5	HeLa	3	0.99256662	1.842389e05	LIQSHPESAEDLQEK	sp|Q13813|SPTN1_HUMAN
4	HeLa	3	0.99999269316	5.558558e04	LISWYDNEFGYSNR	sp|P04406|G3P_HUMAN
5	HeLa	3	0.99999269316	9.561272e05	LISWYDNEFGYSNR	sp|P04406|G3P_HUMAN
6	HeLa	3	0.99999269316	2.069532e06	LISWYDNEFGYSNR	sp|P04406|G3P_HUMAN
5	HeLa	2	0.9291064	2.06253e05	LIVNVNDLR	sp|P25205|MCM3_HUMAN
5	HeLa	3	0.999385274	3.720264e05	LKDPANFQYPAESVLAYK	sp|P15559|NQO1_HUMAN
6	HeLa	3	0.886424	1.692596e05	LKPQYLEELPGQLK	sp|P21266|GSTM3_HUMAN
4	HeLa	2	0.9739002	9.6705e05	LLADQAEAR	sp|P84098|RL19_HUMAN
4	HeLa	3	0.9987488	6.710804e05	LLANQQVFHISC(Carbamidomethyl)FR	sp|Q9UHB6|LIMA1_HUMAN
4	HeLa	2	0.9428923	1.70012e05	LLAQTTLR	sp|P27105|STOM_HUMAN
5	HeLa	2	0.9640853	7.72785e04	LLASLYR	sp|P57740|NU107_HUMAN
4	HeLa	2	0.99844759	5.851099e04	LLDEVFFSEK	sp|P25789|PSA4_HUMAN
5	HeLa	2	0.99844759	3989.682129	LLDEVFFSEK	sp|P25789|PSA4_HUMAN
5	HeLa	3	0.9583799	1.934785e05	LLDSSTVTHLFK	sp|P60900|PSA6_HUMAN
6	HeLa	3	0.9583799	1.017967e05	LLDSSTVTHLFK	sp|P60900|PSA6_HUMAN
4	HeLa	2	0.9409284	1.103658e05	LLEAAAQSTK	sp|Q15149|PLEC_HUMAN
5	HeLa	2	0.9510312	2.019244e05	LLEELEEGQK	sp|Q13404|UB2V1_HUMAN;sp|Q15819|UB2V2_HUMAN
6	HeLa	3	0.99228093	4.128957e04	LLEGEDAHLTQYK	sp|Q04695|K1C17_HUMAN
4	HeLa	3	0.999687612	4.368429e04	LLIHQSLAGGIIGVK	sp|P61978|HNRPK_HUMAN
4	HeLa	3	0.99584469	4.89126e04	LLPLEEHYR	sp|Q9H4M9|EHD1_HUMAN;sp|Q9NZN3|EHD3_HUMAN;sp|Q9NZN4|EHD2_HUMAN
4	HeLa	2	0.99653082	1.493088e05	LLQDFFNGR	sp|P0DMV8|HS71A_HUMAN;sp|P0DMV9|HS71B_HUMAN
5	HeLa	3	0.9484472	1.400475e05	LLQDSVDFSLADAINTEFK	sp|P08670|VIME_HUMAN
5	HeLa	3	0.9999527677	1.048705e05	LLVFSTDAGFHFAGDGK	sp|P05556|ITB1_HUMAN
6	HeLa	3	0.9999527677	7.48772e04	LLVFSTDAGFHFAGDGK	sp|P05556|ITB1_HUMAN
5	HeLa	2	0.99812324	2.279465e05	LLYNNVSNFGR	sp|Q00610|CLH1_HUMAN
5	HeLa	2	0.9754122	9.51648e04	LM(Oxidation)IEMDGTENK	sp|P06733|ENOA_HUMAN
4	HeLa	2	0.99633222	3.703826e05	LNDFASTVR	sp|P20674|COX5A_HUMAN
6	HeLa	3	0.9946846	1.439264e05	LNDGHFM(Oxidation)PVLGFGTYAPPEVPR	sp|P42330|AK1C3_HUMAN
6	HeLa	3	0.899759	6.874042e04	LNDGHFMPVLGFGTYAPPEVPR	sp|P42330|AK1C3_HUMAN
4	HeLa	2	0.9610508	9.644378e04	LNNLVLFDK	sp|P62851|RS25_HUMAN
6	HeLa	2	0.9395488	3.133071e04	LNVGAPDVTLR	sp|Q09666|AHNK_HUMAN
5	HeLa	2	0.9189734	2.20386e05	LNVTEQEK	sp|P06733|ENOA_HUMAN
4	HeLa	2	0.9338399	1.876331e05	LPFPIIDDR	sp|P30041|PRDX6_HUMAN
5	HeLa	2	0.9338399	2.799413e05	LPFPIIDDR	sp|P30041|PRDX6_HUMAN
5	HeLa	3	0.9896598	5.687315e04	LPFTPLSYIQGLSHR	sp|Q9UM00|TMCO1_HUMAN
6	HeLa	3	0.99713019	1.536803e04	LPNNHIGISFIPR	sp|O75369|FLNB_HUMAN
5	HeLa	3	0.99449509	2.121935e05	LPQFGISTPGSDLHVNAK	sp|Q09666|AHNK_HUMAN
4	HeLa	3	0.9880279	7.708972e04	LPVDLAEELGHR	sp|P42771|CDN2A_HUMAN
5	HeLa	3	0.9880279	3.817154e04	LPVDLAEELGHR	sp|P42771|CDN2A_HUMAN
5	HeLa	2	0.99735755	1.747588e04	LPVGTTATLYFR	sp|Q9NZ01|TECR_HUMAN
5	HeLa	3	0.999543527	1.717785e05	LPVVIGGLLDVDC(Carbamidomethyl)SEDVIK	sp|Q00610|CLH1_HUMAN
4	HeLa	3	0.9850255	5.968711e04	LQAEIEGLKGQR	sp|P05787|K2C8_HUMAN
6	HeLa	3	0.999296061	1.516372e04	LQAYHTQTTPLIEYYR	sp|P54819|KAD2_HUMAN
5	HeLa	2	0.99625003	3.020242e04	LQDASAEVER	sp|Q10589|BST2_HUMAN
4	HeLa	3	0.99806866	7.891324e04	LQEEMLQREEAENTLQSFR	sp|P08670|VIME_HUMAN
4	HeLa	4	0.999882379	2.432158e05	LQFHDVAGDIFHQQC(Carbamidomethyl)K	sp|P11413|G6PD_HUMAN
4	HeLa	3	0.999196196	2.494066e04	LQMEAPHIIVGTPGR	sp|P60842|IF4A1_HUMAN
4	HeLa	3	0.99999511619	6.326363e04	LQQELDDLLVDLDHQR	sp|P35579|MYH9_HUMAN
5	HeLa	3	0.99999511619	1.448471e05	LQQELDDLLVDLDHQR	sp|P35579|MYH9_HUMAN
6	HeLa	3	0.99999511619	4.209152e04	LQQELDDLLVDLDHQR	sp|P35579|MYH9_HUMAN
6	HeLa	3	0.999662557	5.989926e04	LQQVLQMESHIQSTSDR	sp|Q14974|IMB1_HUMAN
4	HeLa	3	0.99833432	3.140985e04	LQVEEVHQLSR	sp|Q9NR28|DBLOH_HUMAN
4	HeLa	3	0.999999856005	2.858452e05	LQVEPAVDTSGVQC(Carbamidomethyl)YGPGIEGQGVFR	sp|P21333|FLNA_HUMAN
4	HeLa	3	0.99872009	3.636761e05	LRENELTYYC(Carbamidomethyl)C(Carbamidomethyl)K	sp|P13987|CD59_HUMAN
5	HeLa	2	0.952703	3.725488e04	LSANQQNILK	sp|P57088|TMM33_HUMAN
4	HeLa	2	0.9263791	3.146626e05	LSDGVAVLK	sp|P10809|CH60_HUMAN
4	HeLa	3	0.9617004	4.498519e04	LSDQFHDILIR	sp|O75340|PDCD6_HUMAN
5	HeLa	2	0.99119769	5.363541e04	LSEQELQFR	sp|Q16891|MIC60_HUMAN
4	HeLa	2	0.99765422	4.007229e05	LSGGLGAGSC(Carbamidomethyl)R	sp|Q04695|K1C17_HUMAN
5	HeLa	2	0.99765422	4.148605e05	LSGGLGAGSC(Carbamidomethyl)R	sp|Q04695|K1C17_HUMAN
6	HeLa	2	0.99765422	1.108126e05	LSGGLGAGSC(Carbamidomethyl)R	sp|Q04695|K1C17_HUMAN
4	HeLa	2	0.9603366	8.564962e05	LSNIFVIGK	sp|P62701|RS4X_HUMAN
4	HeLa	2	0.9282088	1.56992e05	LSPFMADIR	sp|P21333|FLNA_HUMAN
4	HeLa	3	0.99705832	1.896148e04	LSSARPGGLGSSSLYGLGASR	sp|P08729|K2C7_HUMAN
5	HeLa	2	0.9519885	1.224856e05	LTDEQVALVR	sp|Q14137|BOP1_HUMAN
4	HeLa	3	0.9989553	1.562119e04	LTEMETLQSQLMAEK	sp|P35579|MYH9_HUMAN
6	HeLa	3	0.851378	3.821898e04	LTFDSSFSPNTGKK	sp|P21796|VDAC1_HUMAN
5	HeLa	3	0.999690578	1.225618e05	LTFVDFLTYDILDQNR	sp|P21266|GSTM3_HUMAN
6	HeLa	3	0.999676478	1.42194e04	LTLHGLQQYYVK	sp|O00148|DX39A_HUMAN;sp|Q13838|DX39B_HUMAN
3	not applicable	2	0.428445	3.682951e04	LTLSALIDGK	sp|Q9Y277|VDAC3_HUMAN
4	HeLa	2	0.428445	1.281493e04	LTLSALIDGK	sp|Q9Y277|VDAC3_HUMAN
5	HeLa	2	0.428445	5.596747e05	LTLSALIDGK	sp|Q9Y277|VDAC3_HUMAN
2	not applicable	2	0.747176	1.182908e05	LTLSALLDGK	sp|P21796|VDAC1_HUMAN
6	HeLa	4	0.99315321	1.059952e05	LTLYDIAHTPGVAADLSHIETK	sp|P40926|MDHM_HUMAN
6	HeLa	3	0.869809	3.762822e05	LTPEEEEILNKK	sp|P62241|RS8_HUMAN
5	HeLa	2	0.99303312	5.279173e04	LTVAENEAETK	sp|P07814|SYEP_HUMAN
5	HeLa	3	0.99764628	6.298554e05	LVAIVDVIDQNR	sp|P50914|RL14_HUMAN
5	HeLa	3	0.99906303	1.49032e05	LVARPEPATGYTLEFR	sp|Q16658|FSCN1_HUMAN
6	HeLa	3	0.99906303	7.774498e04	LVARPEPATGYTLEFR	sp|Q16658|FSCN1_HUMAN
5	HeLa	2	0.9825173	6.330341e04	LVEPGSPAEK	sp|O14745|NHRF1_HUMAN
4	HeLa	3	0.99064739	7.320138e04	LVGQGASAVLLDLPNSGGEAQAK	sp|Q99714|HCD2_HUMAN
5	HeLa	3	0.99064739	2.297275e05	LVGQGASAVLLDLPNSGGEAQAK	sp|Q99714|HCD2_HUMAN
5	HeLa	2	0.999416156	5.777237e04	LVILANNC(Carbamidomethyl)PALR	sp|P62888|RL30_HUMAN
6	HeLa	2	0.999416156	3.343681e04	LVILANNC(Carbamidomethyl)PALR	sp|P62888|RL30_HUMAN
4	HeLa	3	0.9888076	1.012119e04	LVINGNPITIFQER	sp|P04406|G3P_HUMAN
6	HeLa	3	0.9888076	6.29425e05	LVINGNPITIFQER	sp|P04406|G3P_HUMAN
3	not applicable	3	0.45821	1.584984e05	LVINGNPITIFQERDPSK	sp|P04406|G3P_HUMAN
4	HeLa	3	0.45821	8.321944e05	LVINGNPITIFQERDPSK	sp|P04406|G3P_HUMAN
6	HeLa	3	0.45821	2.745173e05	LVINGNPITIFQERDPSK	sp|P04406|G3P_HUMAN
5	HeLa	3	0.99669813	2.886117e04	LVLEVAQHLGESTVR	sp|P06576|ATPB_HUMAN
6	HeLa	3	0.99669813	3.247738e04	LVLEVAQHLGESTVR	sp|P06576|ATPB_HUMAN
4	HeLa	2	0.9647564	3077.352295	LVLPNPGLDAR	sp|Q695T7|S6A19_HUMAN
4	HeLa	2	0.9883263	7.912987e04	LVLVGDGGTGK	sp|P62826|RAN_HUMAN
5	HeLa	3	0.99742073	5.12832e05	LVNLQHLDLLNNK	sp|Q96AG4|LRC59_HUMAN
5	HeLa	4	0.9991043	1.119267e05	LVQDVANNTNEEAGDGTTTATVLAR	sp|P10809|CH60_HUMAN
4	HeLa	3	0.99999690768	1.03199e05	LVSNHSLHETSSVFVDSLTK	sp|P21333|FLNA_HUMAN
5	HeLa	3	0.9241679	4.085489e04	LVSPGSANETSSILVESVTR	sp|O75369|FLNB_HUMAN
5	HeLa	2	0.9864572	3.339329e05	LWTLVSEQTR	sp|P46776|RL27A_HUMAN
5	HeLa	3	0.999194418	1.142247e05	LYIGLAGLATDVQTVAQR	sp|P49720|PSB3_HUMAN
5	HeLa	3	0.9936767	9.552186e04	LYRPGSVAYVSR	sp|P53396|ACLY_HUMAN
6	HeLa	3	0.9936767	1.337869e05	LYRPGSVAYVSR	sp|P53396|ACLY_HUMAN
4	HeLa	3	0.957067	1.575179e05	LYSILGTTLKDEGK	sp|O75083|WDR1_HUMAN
6	HeLa	3	0.957067	4.070512e04	LYSILGTTLKDEGK	sp|O75083|WDR1_HUMAN
4	HeLa	2	0.988718	1.470308e05	LYSVSYLLK	sp|P21333|FLNA_HUMAN
4	HeLa	2	0.9503544	6.614596e05	M(Oxidation)DELQLFR	sp|P55072|TERA_HUMAN
4	HeLa	2	0.9769343	2.242855e05	M(Oxidation)FGGPGTASR	sp|P08670|VIME_HUMAN
5	HeLa	4	0.9753097	1.497142e05	M(Oxidation)FGMVLEKIIIPEIQK	sp|P55060|XPO2_HUMAN
6	HeLa	3	0.9676654	2.974637e04	M(Oxidation)VSDINNGWQHLEQAEK	sp|O43707|ACTN4_HUMAN
5	HeLa	3	0.94599	1.151396e05	MAVTFIGNSTAIQELFK	sp|P07437|TBB5_HUMAN
4	HeLa	2	0.9667939	4.91326e04	MC(Carbamidomethyl)LFAGFQR	sp|Q00839|HNRPU_HUMAN
4	HeLa	2	0.9454148	4.034684e04	MELQEIQLK	sp|P06753|TPM3_HUMAN
6	HeLa	2	0.9454148	4.149269e04	MELQEIQLK	sp|P06753|TPM3_HUMAN
4	HeLa	2	0.961686	6.658666e04	MGESDDSILR	sp|P63220|RS21_HUMAN
5	HeLa	3	0.9719614	1.232107e05	MLITILGTVKPNANR	sp|P17931|LEG3_HUMAN
4	HeLa	2	0.9670015	1.218116e05	MQHLIAR	sp|P14618|KPYM_HUMAN
5	HeLa	3	0.9713057	2.090415e05	MTDQEAIQDLWQWR	sp|P06748|NPM_HUMAN
4	HeLa	3	0.99663491	1.375701e04	MTHNLLLNYGLYR	sp|Q13547|HDAC1_HUMAN;sp|Q92769|HDAC2_HUMAN
5	HeLa	3	0.9463585	3.923579e04	MVSDINNGWQHLEQAEK	sp|O43707|ACTN4_HUMAN
6	HeLa	2	0.9472639	7.556808e04	MVVESAYEVIK	sp|P07195|LDHB_HUMAN
5	HeLa	3	0.99271521	4.174834e04	NAAHALPTTLGALER	sp|Q8NBJ5|GT251_HUMAN
4	HeLa	4	0.9635859	5.727411e04	NAFAC(Carbamidomethyl)FDEEASGFIHEDHLR	sp|P24844|MYL9_HUMAN
2	not applicable	2	0.641644	7.247733e04	NAGVEGSLIVEK	sp|P10809|CH60_HUMAN
4	HeLa	2	0.641644	9.868422e04	NAGVEGSLIVEK	sp|P10809|CH60_HUMAN
6	HeLa	2	0.641644	7.059464e04	NAGVEGSLIVEK	sp|P10809|CH60_HUMAN
4	HeLa	2	0.99387826	1.064473e06	NDLAVVDVR	sp|P19338|NUCL_HUMAN
4	HeLa	3	0.999527007	1.129045e05	NEEDEGHSNSSPR	sp|Q14103|HNRPD_HUMAN
4	HeLa	3	0.99760073	2.554039e04	NEEPSEEEIDAPKPK	sp|Q9NR30|DDX21_HUMAN
4	HeLa	2	0.9814384	1.442971e06	NEISEMNR	sp|P08729|K2C7_HUMAN
4	HeLa	3	0.9609074	1.165766e04	NENTFLDLTVQQIEHLNK	sp|Q16851|UGPA_HUMAN
4	HeLa	2	0.99803848	1.741132e04	NFAIGYYLK	sp|O94925|GLSK_HUMAN
4	HeLa	2	0.999113499	1.475221e05	NFATSLYSMIK	sp|P08758|ANXA5_HUMAN
5	HeLa	3	0.9999357646	5.342644e04	NFILDQTNVSAAAQR	sp|Q00839|HNRPU_HUMAN
6	HeLa	2	0.99447097	2.439919e04	NFYYAAVPSAR	sp|Q10471|GALT2_HUMAN
4	HeLa	2	0.9672506	4.810128e04	NGQDLGVAFK	sp|Q00839|HNRPU_HUMAN
4	HeLa	2	0.887115	2.993679e04	NGSFANLR	sp|P52788|SPSY_HUMAN
5	HeLa	3	0.9252691	9.881965e04	NHDEESLEC(Carbamidomethyl)LC(Carbamidomethyl)R	sp|Q04637|IF4G1_HUMAN
5	HeLa	4	0.9763028	4.047201e04	NIDDGTSDRPYSHALVAGIDR	sp|P61353|RL27_HUMAN
6	HeLa	4	0.9763028	3.965946e04	NIDDGTSDRPYSHALVAGIDR	sp|P61353|RL27_HUMAN
5	HeLa	3	0.999665545	2.506582e05	NLDSTTVAVHGEEIYC(Carbamidomethyl)K	sp|P21291|CSRP1_HUMAN
4	HeLa	3	0.99245513	1.147213e05	NLHYFNSDSFASHPNYPYSDEY	sp|P42330|AK1C3_HUMAN
5	HeLa	2	0.9882077	1.857201e06	NLQYYDISAK	sp|P62826|RAN_HUMAN
6	HeLa	2	0.9882077	1.586695e06	NLQYYDISAK	sp|P62826|RAN_HUMAN
5	HeLa	3	0.99572503	1.260662e05	NM(Oxidation)AEQIIQEIYSQIQSK	sp|P29401|TKT_HUMAN
6	HeLa	3	0.99572503	5.484881e04	NM(Oxidation)AEQIIQEIYSQIQSK	sp|P29401|TKT_HUMAN
2	not applicable	3	0.685345	4.752704e04	NM(Oxidation)GGPYGGGNYGPGGSGGSGGYGGR	sp|P22626|ROA2_HUMAN
4	HeLa	3	0.685345	4.943261e04	NM(Oxidation)GGPYGGGNYGPGGSGGSGGYGGR	sp|P22626|ROA2_HUMAN
6	HeLa	3	0.685345	4.731822e04	NM(Oxidation)GGPYGGGNYGPGGSGGSGGYGGR	sp|P22626|ROA2_HUMAN
4	HeLa	3	0.999999239625	5.220757e04	NM(Oxidation)VHPNVIC(Carbamidomethyl)DGC(Carbamidomethyl)NGPVVGTR	sp|Q13501|SQSTM_HUMAN
5	HeLa	3	0.999999239625	2.54229e04	NM(Oxidation)VHPNVIC(Carbamidomethyl)DGC(Carbamidomethyl)NGPVVGTR	sp|Q13501|SQSTM_HUMAN
6	HeLa	3	0.9364416	5.563345e04	NMAEQIIQEIYSQIQSK	sp|P29401|TKT_HUMAN
4	HeLa	3	0.99233675	3.697255e04	NMDPLNDNIATLLHQSSDK	sp|P35579|MYH9_HUMAN
4	HeLa	3	0.999235208	3.879598e04	NMGGPYGGGNYGPGGSGGSGGYGGR	sp|P22626|ROA2_HUMAN
6	HeLa	3	0.872274	3.193815e04	NMSVHLSPC(Carbamidomethyl)FR	sp|P62280|RS11_HUMAN
4	HeLa	3	0.9138613	9.880644e04	NMSVIAHVDHGK	sp|P13639|EF2_HUMAN
4	HeLa	3	0.9999820258	2.751107e04	NMVHPNVIC(Carbamidomethyl)DGC(Carbamidomethyl)NGPVVGTR	sp|Q13501|SQSTM_HUMAN
5	HeLa	2	0.9290717	8.627531e04	NNIPYFETSAK	sp|P51149|RAB7A_HUMAN
4	HeLa	2	0.9867525	1.062207e05	NNLAGAEELFAR	sp|Q00610|CLH1_HUMAN
6	HeLa	2	0.9867525	6.563664e04	NNLAGAEELFAR	sp|Q00610|CLH1_HUMAN
6	HeLa	3	0.9842875	1.091444e05	NNQFQALLQYADPVSAQHAK	sp|P26599|PTBP1_HUMAN
4	HeLa	3	0.888869	1.477346e05	NPGNQAAYEHFETMK	sp|P18206|VINC_HUMAN
5	HeLa	3	0.888869	1.091635e05	NPGNQAAYEHFETMK	sp|P18206|VINC_HUMAN
6	HeLa	3	0.888869	3.799277e04	NPGNQAAYEHFETMK	sp|P18206|VINC_HUMAN
4	HeLa	3	0.99988802	8.597295e04	NPSTVEAFDLAQSNSEHSR	sp|O15067|PUR4_HUMAN
6	HeLa	3	0.99988802	2.061399e04	NPSTVEAFDLAQSNSEHSR	sp|O15067|PUR4_HUMAN
4	HeLa	3	0.9218458	1.340096e05	NQDEC(Carbamidomethyl)VIALHDC(Carbamidomethyl)NGDVNR	sp|Q14157|UBP2L_HUMAN
6	HeLa	3	0.99844958	5.178839e04	NQVALNPQNTVFDAK	sp|P0DMV8|HS71A_HUMAN;sp|P0DMV9|HS71B_HUMAN
4	HeLa	3	0.999860761	2.428544e04	NRPTSISWDGLDSGK	sp|P30086|PEBP1_HUMAN
5	HeLa	3	0.9571768	2.405182e04	NSLISSLEEEVSILNR	sp|Q14980|NUMA1_HUMAN
5	HeLa	2	0.9631744	2917.157471	NSLPDTVQIR	sp|P56537|IF6_HUMAN
4	HeLa	3	0.999774508	3.968878e05	NSNLVGAAHEELQQSR	sp|P02545|LMNA_HUMAN
5	HeLa	2	0.999472278	1.014342e05	NSVVEASEAAYK	sp|Q04917|1433F_HUMAN
5	HeLa	3	0.99495582	1.0273e05	NSYVAGQYDDAASYQR	sp|P11413|G6PD_HUMAN
4	HeLa	2	0.9770017	1.119736e05	NTVVATGGYGR	sp|P31040|SDHA_HUMAN
5	HeLa	3	0.9999872935	1.478072e05	NVDLLSDMVQEHDEPILK	sp|P55209|NP1L1_HUMAN
4	HeLa	3	0.999119843	6.295327e04	NVNIQNFHISWK	sp|P12814|ACTN1_HUMAN
6	HeLa	3	0.99313829	8.912789e04	NVNVQNFHISWK	sp|O43707|ACTN4_HUMAN
5	HeLa	3	0.99957969	1.559452e05	NVQALEIELQSQLALK	sp|P13645|K1C10_HUMAN
5	HeLa	2	0.9765718	4.941541e04	PAEFTIDTK	sp|O75369|FLNB_HUMAN
5	HeLa	2	0.99714061	2.576808e05	PFLWLAR	sp|P62826|RAN_HUMAN
5	HeLa	3	0.999464624	1.109433e05	PFVPNVHAAEFVPSFLR	sp|Q8IYD1|ERF3B_HUMAN
5	HeLa	3	0.9497439	7.431877e04	PLHISTFINELDSGFR	sp|Q15631|TSN_HUMAN
6	HeLa	3	0.9497439	2.248222e04	PLHISTFINELDSGFR	sp|Q15631|TSN_HUMAN
5	HeLa	2	0.99898378	7.105931e05	PPYTVVYFPVR	sp|P09211|GSTP1_HUMAN
6	HeLa	2	0.99898378	5.151008e05	PPYTVVYFPVR	sp|P09211|GSTP1_HUMAN
4	HeLa	2	0.9866849	2.886662e04	QADVNLVNAK	sp|O43175|SERA_HUMAN
4	HeLa	2	0.9701364	3.134325e04	QAGLSYIR	sp|P56381|ATP5E_HUMAN;sp|Q5VTU8|AT5EL_HUMAN
5	HeLa	2	0.99765291	3.542234e04	QAILAAQR	sp|O60869|EDF1_HUMAN
4	HeLa	2	0.9042889	2.210632e05	QAQEYEALLNIK	sp|P05783|K1C18_HUMAN
5	HeLa	2	0.9830375	6.089927e05	QAQIEVVPSASALIIK	sp|P30050|RL12_HUMAN
6	HeLa	2	0.9830375	2.557151e05	QAQIEVVPSASALIIK	sp|P30050|RL12_HUMAN
6	HeLa	3	0.99370578	5.016392e04	QAWFIENEEQEYVQTVK	sp|P04083|ANXA1_HUMAN
4	HeLa	3	0.999942698	7.437024e05	QDFVQHFSQIVR	sp|P14324|FPPS_HUMAN
6	HeLa	3	0.999942698	2.507702e05	QDFVQHFSQIVR	sp|P14324|FPPS_HUMAN
5	HeLa	4	0.9858905	3.503659e04	QDGPM(Oxidation)PKPHSVSLNDTETR	sp|Q9P0L0|VAPA_HUMAN
4	HeLa	2	0.9712651	2.054687e04	QDQSPGNAPSK	DECOY_sp|A6BM72|MEG11_HUMAN
4	HeLa	2	0.99841758	1.373359e06	QDVDNASLAR	sp|P08670|VIME_HUMAN
4	HeLa	2	0.899862	5.532463e04	QEEASGGPTAPK	sp|P50552|VASP_HUMAN
4	HeLa	3	0.99387436	6.098702e04	QELSHALYQHDAAC(Carbamidomethyl)R	sp|Q9UMS4|PRP19_HUMAN
4	HeLa	2	0.9727776	7.857864e04	QEM(Oxidation)QEVQSSR	sp|P22626|ROA2_HUMAN
6	HeLa	2	0.9003837	9.280944e04	QEMQEVQSSR	sp|P22626|ROA2_HUMAN
4	HeLa	2	0.9800301	1.915465e04	QEQSYFVR	sp|O60664|PLIN3_HUMAN
5	HeLa	2	0.9895881	2.772362e04	QETVADFTPK	sp|O75400|PR40A_HUMAN
4	HeLa	3	0.99455404	5.64555e04	QFASQANVVGPWIQTK	sp|O43707|ACTN4_HUMAN
4	HeLa	3	0.9507641	4.810291e04	QFLFRPWDVTK	sp|P22314|UBA1_HUMAN
6	HeLa	2	0.9584973	1.282339e05	QFLPFLQR	sp|Q7KZF4|SND1_HUMAN
4	HeLa	3	0.9896897	1.651207e04	QFVFDLHSGK	sp|Q9BS26|ERP44_HUMAN
6	HeLa	2	0.9126326	3.30592e04	QGVDADINGLR	sp|P35527|K1C9_HUMAN
4	HeLa	3	0.970832	4.046947e04	QIILEKEETEELK	sp|P12956|XRCC6_HUMAN
4	HeLa	2	0.9448394	6.892701e04	QINDIQLSR	sp|Q13347|EIF3I_HUMAN
4	HeLa	2	0.9421883	6.04023e04	QINWTVLYR	sp|P83731|RL24_HUMAN
5	HeLa	2	0.9421883	1.902441e05	QINWTVLYR	sp|P83731|RL24_HUMAN
6	HeLa	3	0.9494433	2.772993e04	QISNLQQSISDAEQR	sp|P04264|K2C1_HUMAN
5	HeLa	2	0.9861525	6.863192e04	QITQSALLAEAR	sp|P78527|PRKDC_HUMAN
5	HeLa	3	0.9999873775	6.177085e04	QIVWNGPVGVFEWEAFAR	sp|P00558|PGK1_HUMAN
4	HeLa	3	0.977851	1.712447e04	QKEFDPTITDASLSLPSR	sp|Q05682|CALD1_HUMAN
6	HeLa	3	0.9071257	1.492509e04	QLDTETNLHLNTK	sp|P12270|TPR_HUMAN
5	HeLa	3	0.99770624	4.16201e05	QLEAIDQLHLEYAK	sp|O43707|ACTN4_HUMAN
6	HeLa	3	0.99770624	1.416125e05	QLEAIDQLHLEYAK	sp|O43707|ACTN4_HUMAN
4	HeLa	3	0.9689653	9.35114e04	QLEEEQAVRPK	sp|P14635|CCNB1_HUMAN
4	HeLa	2	0.999570992	7.141931e04	QLEEEQQALQK	sp|P07951|TPM2_HUMAN
5	HeLa	2	0.9485651	4.623293e04	QLGLVVC(Carbamidomethyl)R	sp|Q9UK45|LSM7_HUMAN
4	HeLa	3	0.9576011	1.052469e05	QLQTFSQSLQELLAEHYK	sp|P62324|BTG1_HUMAN
6	HeLa	3	0.903314	3.041339e04	QLSQAGSFSDGTHGGLR	sp|P58107|EPIPL_HUMAN
4	HeLa	2	0.9446301	8.292769e05	QLSSGVSEIR	sp|P04792|HSPB1_HUMAN
5	HeLa	3	0.99614266	3.096437e04	QLTEMLPSILNQLGADSLTSLR	sp|P20290|BTF3_HUMAN
4	HeLa	2	0.9885507	2.148701e04	QLVAEQVTYQR	sp|P49736|MCM2_HUMAN
5	HeLa	2	0.946046	3.213891e04	QLVDTTVELANK	sp|O75533|SF3B1_HUMAN
5	HeLa	2	0.99551574	1.401919e05	QLVEQVEQIQK	sp|Q9BVK6|TMED9_HUMAN
6	HeLa	3	0.856704	5.016728e04	QNHESVQWC(Carbamidomethyl)YDNFINYR	sp|O43143|DHX15_HUMAN
4	HeLa	3	0.99483079	1.658308e05	QNLLSQSHAYQQFLR	sp|Q01082|SPTB2_HUMAN
4	HeLa	3	0.9809096	1.920013e05	QQELTHQEHR	sp|P18206|VINC_HUMAN
6	HeLa	2	0.960482	6.91232e04	QQGLASYDYVR	sp|Q15149|PLEC_HUMAN
4	HeLa	2	0.9759341	4.794657e04	QQSELQSQVR	sp|Q14847|LASP1_HUMAN
5	HeLa	3	0.99827699	9.652625e04	QREELGQGLQGVEQK	sp|Q07065|CKAP4_HUMAN
4	HeLa	3	0.999213425	6.321537e04	QRPGQQVATC(Carbamidomethyl)VR	sp|O75534|CSDE1_HUMAN
4	HeLa	2	0.9873927	2.419786e05	QSAEEQAQAR	sp|Q15149|PLEC_HUMAN
4	HeLa	3	0.920527	3.514058e04	QSVENDIHGLRK	sp|P05783|K1C18_HUMAN
5	HeLa	3	0.9680185	2.693384e04	QTIQYIHPADAVK	sp|Q9H0A0|NAT10_HUMAN
5	HeLa	3	0.999802443	3.917388e05	QTTVSNSQQAYQEAFEISK	sp|P31946|1433B_HUMAN
4	HeLa	2	0.99209147	6.077234e04	QVAQQEAER	sp|P35232|PHB_HUMAN
4	HeLa	2	0.99618399	7.277585e04	QVQPEGPYR	sp|P49327|FAS_HUMAN
4	HeLa	3	0.9893886	2.142221e05	QVQSLTC(Carbamidomethyl)EVDALKGTNESLER	sp|P08670|VIME_HUMAN
5	HeLa	2	0.9464106	6.34309e04	QVQVALETAQR	sp|Q15149|PLEC_HUMAN
5	HeLa	2	0.99602602	1.881023e05	QVSDLISVLR	sp|P17844|DDX5_HUMAN
4	HeLa	2	0.99563369	1.022194e05	QVVNIPSFIVR	sp|P46781|RS9_HUMAN
6	HeLa	2	0.99563369	5.516575e04	QVVNIPSFIVR	sp|P46781|RS9_HUMAN
4	HeLa	2	0.9614406	4.147388e04	QVYGLNFGSK	sp|Q8N8S7|ENAH_HUMAN
6	HeLa	3	0.99876756	9.642509e04	QWYESHYALPLGR	sp|P62241|RS8_HUMAN
4	HeLa	3	0.9481979	4873.921875	QYAGLDHELAFSR	sp|Q99720|SGMR1_HUMAN
5	HeLa	2	0.9031567	5417.388672	QYDIDDAIAK	sp|Q15149|PLEC_HUMAN
4	HeLa	3	0.9833026	1.503509e04	REDLVVAPAGITLK	sp|P12268|IMDH2_HUMAN
4	HeLa	3	0.9675478	1.777995e06	REFTESQLQEGK	sp|Q01995|TAGL_HUMAN
5	HeLa	3	0.9999605888	7.695108e04	REHINLGC(Carbamidomethyl)DMDFDIAGPSIR	sp|P21796|VDAC1_HUMAN
4	HeLa	4	0.9999240374	2.12888e05	RGFGFVTFDDHDPVDK	sp|P22626|ROA2_HUMAN
4	HeLa	3	0.9705273	1.097262e04	RGHVFEESQVAGTPMFVVK	sp|P13639|EF2_HUMAN
5	HeLa	3	0.99739637	9.691295e04	RKPEDVLDDDDAGSAPLK	sp|P35613|BASI_HUMAN
5	HeLa	3	0.99597909	8.797201e04	RLAPEYEAAATR	sp|P30101|PDIA3_HUMAN
4	HeLa	3	0.99790553	1.305403e05	RLLEGEDAHLTQYK	sp|Q04695|K1C17_HUMAN
6	HeLa	3	0.99643245	1.86172e05	RPSENLGQVLFGER	sp|Q99805|TM9S2_HUMAN
4	HeLa	3	0.9999873265	1.005183e05	RPTPQDSPIFLPVDDTSFR	sp|P49327|FAS_HUMAN
4	HeLa	3	0.9896478	5.135628e05	RQLEEAEEEAQR	sp|P35579|MYH9_HUMAN
5	HeLa	3	0.9896478	1.970373e05	RQLEEAEEEAQR	sp|P35579|MYH9_HUMAN
6	HeLa	3	0.9896478	1.610209e05	RQLEEAEEEAQR	sp|P35579|MYH9_HUMAN
4	HeLa	3	0.9999886496	4.662182e04	RQTSGGPVDASSEYQQELER	sp|P18859|ATP5J_HUMAN
6	HeLa	3	0.9577036	3.262617e04	RQVQSLTC(Carbamidomethyl)EVDALK	sp|P08670|VIME_HUMAN
4	HeLa	3	0.9999451546	8.90996e04	SAAPHPGDIGDFINEGLK	sp|P19022|CADH2_HUMAN
5	HeLa	3	0.9999451546	2.590943e05	SAAPHPGDIGDFINEGLK	sp|P19022|CADH2_HUMAN
6	HeLa	3	0.9795478	5.005783e04	SAEFLLHMLK	sp|P18621|RL17_HUMAN
5	HeLa	2	0.9168253	7.261048e04	SALALAIK	sp|P25789|PSA4_HUMAN
2	not applicable	2	0.605037	4785.144043	SAVTTVVNPK	sp|P05556|ITB1_HUMAN
5	HeLa	2	0.605037	4.12776e04	SAVTTVVNPK	sp|P05556|ITB1_HUMAN
4	HeLa	2	0.99182213	2.731729e05	SAYGGPVGAGIR	sp|P08729|K2C7_HUMAN
6	HeLa	3	0.9798597	1.995257e04	SDPTSYAGYIEDLKK	sp|P54709|AT1B3_HUMAN
6	HeLa	3	0.999356138	1.441951e05	SDSFENPVLQQHFR	sp|P12956|XRCC6_HUMAN
5	HeLa	2	0.9492277	5.161075e04	SDTSGDYEITLLK	sp|P12429|ANXA3_HUMAN
4	HeLa	2	0.99052089	1.195498e05	SEIDLFNIR	sp|P08758|ANXA5_HUMAN
4	HeLa	3	0.999605633	2.636161e04	SELHIENLNM(Oxidation)EADPGQYR	sp|P35613|BASI_HUMAN
4	HeLa	3	0.9999671995	2.81228e04	SELHIENLNMEADPGQYR	sp|P35613|BASI_HUMAN
5	HeLa	3	0.9999706912	6.006021e04	SELVANNVTLPAGEQR	sp|P42166|LAP2A_HUMAN;sp|P42167|LAP2B_HUMAN
5	HeLa	3	0.9999745569	2.819845e05	SENGLEFTSSGSANTETTK	sp|P21796|VDAC1_HUMAN
6	HeLa	3	0.9999745569	4.413416e04	SENGLEFTSSGSANTETTK	sp|P21796|VDAC1_HUMAN
4	HeLa	2	0.9844363	4.396887e04	SGAVEETFR	sp|Q6YN16|HSDL2_HUMAN
4	HeLa	3	0.9878071	1.30029e05	SHSAHFFEFLTK	sp|A6NHG4|DDTL_HUMAN;sp|P30046|DOPD_HUMAN
4	HeLa	3	0.999862209	3.59426e04	SIAFHSAVSLDPIK	sp|Q9Y3F4|STRAP_HUMAN
5	HeLa	2	0.9606528	2.666579e05	SIISMFDR	sp|O75340|PDCD6_HUMAN
6	HeLa	2	0.9606528	3.834419e05	SIISMFDR	sp|O75340|PDCD6_HUMAN
5	HeLa	3	0.99888219	3.773884e04	SLADELALVDVLEDK	sp|P07195|LDHB_HUMAN
5	HeLa	3	0.99829236	7.202497e05	SLADELALVDVLEDKLK	sp|P07195|LDHB_HUMAN
4	HeLa	3	0.999678919	2.470389e05	SLAGSSGPGASSGTSGDHGELVVR	sp|P29692|EF1D_HUMAN
6	HeLa	3	0.999678919	1.538596e05	SLAGSSGPGASSGTSGDHGELVVR	sp|P29692|EF1D_HUMAN
6	HeLa	3	0.99982327	2.6369e04	SLEDALSSDTSGHFR	sp|P08133|ANXA6_HUMAN
4	HeLa	3	0.9174276	9.268163e04	SLESLHSFVAAATK	sp|Q15149|PLEC_HUMAN
6	HeLa	3	0.9091597	5.278234e04	SLHQAIEGDTSGDFLK	sp|P08133|ANXA6_HUMAN
5	HeLa	3	0.999999692856	1.475268e05	SLLHGDFHAFSAGPGLFSYIR	sp|P08195|4F2_HUMAN
4	HeLa	2	0.9807263	3.31488e05	SLLSAEEAAK	sp|Q7KZF4|SND1_HUMAN
5	HeLa	2	0.9812745	6.024136e04	SLQQLAEER	sp|Q13813|SPTN1_HUMAN
5	HeLa	3	0.99283165	1.798981e05	SLYASSPGGVYATR	sp|P08670|VIME_HUMAN
4	HeLa	3	0.9859436	1.779617e04	SLYDEVAAQGEVVRK	sp|P07814|SYEP_HUMAN
4	HeLa	3	0.9999413211	6.321287e04	SM(Oxidation)EAEMIQLQEELAAAER	sp|P35579|MYH9_HUMAN
4	HeLa	3	0.9836769	9.073227e04	SM(Oxidation)M(Oxidation)QDREDQSILC(Carbamidomethyl)TGESGAGK	sp|P35579|MYH9_HUMAN
5	HeLa	3	0.9731346	4.817196e04	SNEILTAIIQGMR	sp|Q14974|IMB1_HUMAN
4	HeLa	3	0.99622106	8.134641e04	SNFLNC(Carbamidomethyl)YVSGFHPSDIEVDLLK	sp|P61769|B2MG_HUMAN
4	HeLa	2	0.9454254	7912.672363	SNSLAFIK	sp|Q14204|DYHC1_HUMAN
4	HeLa	2	0.99869956	1.718117e05	SNVSDAVAQSTR	sp|P60174|TPIS_HUMAN
5	HeLa	2	0.99869956	1.17384e05	SNVSDAVAQSTR	sp|P60174|TPIS_HUMAN
6	HeLa	2	0.99869956	1.283394e05	SNVSDAVAQSTR	sp|P60174|TPIS_HUMAN
5	HeLa	3	0.99771508	1.137666e05	SPAGLQVLNDYLADK	sp|P24534|EF1B_HUMAN
6	HeLa	3	0.99771508	2.32891e04	SPAGLQVLNDYLADK	sp|P24534|EF1B_HUMAN
4	HeLa	3	0.9890586	1.716912e04	SPSKPLPEVTDEYK	sp|P05455|LA_HUMAN
4	HeLa	3	0.9999598167	2.576654e05	SQEQLAAELAEYTAK	sp|P15311|EZRI_HUMAN
5	HeLa	3	0.9999598167	7.775795e04	SQEQLAAELAEYTAK	sp|P15311|EZRI_HUMAN
4	HeLa	3	0.99805277	3.751061e04	SQLLGSAHEVQR	sp|Q13813|SPTN1_HUMAN
4	HeLa	3	0.9625158	3.195805e05	SQYEQLAEQNRK	sp|P13645|K1C10_HUMAN
4	HeLa	2	0.99678957	7.073791e04	SSEEIESAFR	sp|Q13813|SPTN1_HUMAN
4	HeLa	3	0.927014	5.99752e04	SSHYDELLAAEAR	sp|Q7KZF4|SND1_HUMAN
4	HeLa	2	0.99775754	1.965033e04	SSLLLGFR	sp|P42704|LPPRC_HUMAN
5	HeLa	3	0.999716968	4.053644e05	STAISLFYELSENDLNFIK	sp|P13639|EF2_HUMAN
4	HeLa	2	0.9539629	1.473895e05	STGGAPTFNVTVTK	sp|P07737|PROF1_HUMAN
5	HeLa	2	0.9286589	1.79223e05	STLTDSLVC(Carbamidomethyl)K	sp|P13639|EF2_HUMAN
4	HeLa	3	0.999333472	5.764081e04	SVFALTNGIYPHK	sp|Q02878|RL6_HUMAN
5	HeLa	3	0.999333472	3.055903e05	SVFALTNGIYPHK	sp|Q02878|RL6_HUMAN
5	HeLa	2	0.9614635	3.734938e04	SVFEAFGK	sp|Q9UHX1|PUF60_HUMAN
4	HeLa	2	0.9879253	1.664206e04	SVSSSSYR	sp|P08670|VIME_HUMAN
5	HeLa	3	0.999495427	1.338491e05	SVTEQGAELSNEER	sp|P63104|1433Z_HUMAN
5	HeLa	3	0.99518913	9.080004e04	SVVLMSHLGRPDGVPMPDK	sp|P00558|PGK1_HUMAN
4	HeLa	2	0.99875412	3.299346e04	SVVTSIFGVK	sp|P41252|SYIC_HUMAN
5	HeLa	3	0.9999187052	8.600646e04	SVYAHFPINVVIQENGSLVEIR	sp|P32969|RL9_HUMAN
6	HeLa	3	0.9999187052	1.080831e05	SVYAHFPINVVIQENGSLVEIR	sp|P32969|RL9_HUMAN
5	HeLa	2	0.9717697	5.190638e04	TAEEVAALIR	sp|Q6P2Q9|PRP8_HUMAN
5	HeLa	3	0.99527701	1.857304e05	TAFDDAIAELDTLNEDSYK	sp|P61981|1433G_HUMAN
5	HeLa	3	0.9999431328	1.084637e05	TAFDEAIAELDTLNEDSYK	sp|P27348|1433T_HUMAN
6	HeLa	3	0.999841066	4.456292e04	TAFDEAIAELDTLSEESYK	sp|P63104|1433Z_HUMAN
4	HeLa	2	0.99320166	3.26532e05	TAFQEALDAAGDK	sp|P10599|THIO_HUMAN
4	HeLa	2	0.9264038	4.772765e04	TAGPIASAQK	sp|P27816|MAP4_HUMAN
4	HeLa	2	0.973694	5.606302e04	TAIEEVQAER	sp|Q32P28|P3H1_HUMAN
6	HeLa	3	0.886754	1.346665e05	TALINSTGEEVAM(Oxidation)RK	sp|P02545|LMNA_HUMAN
6	HeLa	2	0.9507614	2.381259e04	TASTNNIAQAR	sp|Q9UBI6|GBG12_HUMAN
5	HeLa	3	0.99061653	4.311942e05	TATESFASDPILYRPVAVALDTK	sp|P14618|KPYM_HUMAN
6	HeLa	3	0.99061653	2.668598e06	TATESFASDPILYRPVAVALDTK	sp|P14618|KPYM_HUMAN
5	HeLa	3	0.999839982	6.239425e05	TATFAISILQQIELDLK	sp|P60842|IF4A1_HUMAN
6	HeLa	3	0.9205534	1.808869e05	TATPQQAQEVHEK	sp|P60174|TPIS_HUMAN
4	HeLa	2	0.9768363	2.771893e04	TC(Carbamidomethyl)EESSFC(Carbamidomethyl)K	sp|Q14697|GANAB_HUMAN
5	HeLa	3	0.99744106	1.233144e05	TDYNASVSVPDSSGPER	sp|P61978|HNRPK_HUMAN
6	HeLa	3	0.99316946	1.2214e05	TEC(Carbamidomethyl)NHYNNIMALYLK	sp|Q16531|DDB1_HUMAN
4	HeLa	2	0.99665564	2.043182e04	TEEGPTLSYGR	sp|P43243|MATR3_HUMAN
5	HeLa	2	0.99665564	1.000922e05	TEEGPTLSYGR	sp|P43243|MATR3_HUMAN
5	HeLa	3	0.999534166	1.109632e05	TEFLSFMNTELAAFTK	sp|P31949|S10AB_HUMAN
4	HeLa	2	0.9108314	7.070262e05	TEISEMNR	sp|P05787|K2C8_HUMAN
4	HeLa	3	0.9999676625	5.39256e04	TELEDTLDSTAAQQELR	sp|P35579|MYH9_HUMAN
5	HeLa	3	0.9999676625	1.169501e05	TELEDTLDSTAAQQELR	sp|P35579|MYH9_HUMAN
4	HeLa	2	0.99563749	1.238828e05	TEMENEFVLIK	sp|P05787|K2C8_HUMAN
5	HeLa	3	0.9754281	2.601486e05	TEPELLVAHAYTR	sp|P09601|HMOX1_HUMAN
4	HeLa	4	0.969571	1.110156e05	TETQEKNPLPSKETIEQEK	sp|P62328|TYB4_HUMAN
4	HeLa	3	0.957967	1.121139e04	TFDAQIVIIEHK	sp|P15170|ERF3A_HUMAN
4	HeLa	3	0.920322	8.690483e04	TFDQLTPEESKER	sp|O43852|CALU_HUMAN
5	HeLa	3	0.9213285	8.417954e04	TFHIFYYLLSGAGEHLK	sp|P35579|MYH9_HUMAN
4	HeLa	3	0.9999561118	1.870231e05	TFSVWYVPEVTGTHK	sp|P21333|FLNA_HUMAN
6	HeLa	3	0.9999561118	3.153924e05	TFSVWYVPEVTGTHK	sp|P21333|FLNA_HUMAN
5	HeLa	3	0.99999707964	1.392971e05	TFVNITPAEVGVLVGK	sp|P07737|PROF1_HUMAN
4	HeLa	3	0.9866318	403.256409	TGAVYLC(Carbamidomethyl)PLTAHK	sp|P26006|ITA3_HUMAN
5	HeLa	2	0.9824296	4.378013e04	TGC(Carbamidomethyl)NVLLIQK	sp|P50991|TCPD_HUMAN
4	HeLa	3	0.99815392	6.679327e04	TGENVEDAFLEAAKK	sp|P61106|RAB14_HUMAN
4	HeLa	3	0.99705285	1.263023e05	TGLYNYYDDEKEK	sp|P50454|SERPH_HUMAN
5	HeLa	4	0.9276963	4.855917e04	TGVHHYSGNNIELGTAC(Carbamidomethyl)GK	sp|P62888|RL30_HUMAN
4	HeLa	4	0.960024	1.181925e06	THEAEIVEGENHTYC(Carbamidomethyl)IR	sp|P21333|FLNA_HUMAN
4	HeLa	3	0.9610418	1.469841e05	THEAQIQEMR	sp|P35579|MYH9_HUMAN
4	HeLa	3	0.99342435	9.285771e04	THIQDNHDGTYTVAYVPDVTGR	sp|P21333|FLNA_HUMAN
1	not applicable	3	0.687271	2.107108e05	THNLEPYFESFINNLR	sp|P04264|K2C1_HUMAN
5	HeLa	3	0.687271	1.225475e05	THNLEPYFESFINNLR	sp|P04264|K2C1_HUMAN
6	HeLa	3	0.687271	8.380156e04	THNLEPYFESFINNLR	sp|P04264|K2C1_HUMAN
4	HeLa	3	0.99751203	3.257563e04	THNSSLEYNIFEGMEC(Carbamidomethyl)R	sp|Q16555|DPYL2_HUMAN
4	HeLa	3	0.999619569	1.265565e05	THYSNIEANESEEVR	sp|P04632|CPNS1_HUMAN
5	HeLa	3	0.9696371	7.009617e04	TIVITSHPGQIVK	sp|P31689|DNJA1_HUMAN
6	HeLa	3	0.99899327	2.3403e04	TLAQLNPESSLFIIASK	sp|P06744|G6PI_HUMAN
4	HeLa	2	0.9794615	1.07465e05	TLFPLIEAK	sp|P13010|XRCC5_HUMAN
4	HeLa	2	0.9425912	9.673865e04	TLGILGLGR	sp|O43175|SERA_HUMAN
6	HeLa	2	0.865662	2.625935e04	TLLENTAITIGR	sp|Q92973|TNPO1_HUMAN
4	HeLa	2	0.9511597	1.569992e04	TLM(Oxidation)ALGSLAVTK	sp|Q01995|TAGL_HUMAN
4	HeLa	2	0.9851929	1.111089e05	TLMALGSLAVTK	sp|Q01995|TAGL_HUMAN
5	HeLa	3	0.9426256	1.163104e05	TLNDELEIIEGMK	sp|P10809|CH60_HUMAN
5	HeLa	3	0.9821336	1.583705e05	TMQALEIELQSQLSM(Oxidation)K	sp|Q04695|K1C17_HUMAN
4	HeLa	3	0.999151824	1.580915e04	TMQALEIELQSQLSMK	sp|Q04695|K1C17_HUMAN
5	HeLa	2	0.9811773	1.184999e05	TNEGVIEFR	sp|Q13247|SRSF6_HUMAN
6	HeLa	2	0.86677	3.20233e04	TPFLLSGTSYK	sp|P55084|ECHB_HUMAN
4	HeLa	2	0.9615152	1.095091e05	TPTAPAVNLAGAR	sp|Q9UQ35|SRRM2_HUMAN
5	HeLa	2	0.9615152	8.303847e04	TPTAPAVNLAGAR	sp|Q9UQ35|SRRM2_HUMAN
4	HeLa	2	0.99766191	9.346258e04	TPTLYLDFK	sp|O00625|PIR_HUMAN
4	HeLa	3	0.99674007	1.030172e04	TQAIVC(Carbamidomethyl)QQLDLTHLK	sp|P61221|ABCE1_HUMAN
5	HeLa	3	0.99674007	4.932545e04	TQAIVC(Carbamidomethyl)QQLDLTHLK	sp|P61221|ABCE1_HUMAN
6	HeLa	3	0.99889749	8.260174e04	TQDEC(Carbamidomethyl)ILHFLR	sp|Q8TAQ2|SMRC2_HUMAN;sp|Q92922|SMRC1_HUMAN
4	HeLa	2	0.960302	3.400399e05	TQNVLGEK	sp|P23396|RS3_HUMAN
5	HeLa	2	0.9459817	5.167148e05	TSGSVYITLK	sp|P37108|SRP14_HUMAN
4	HeLa	3	0.99670446	9.265113e05	TSRPENAIIYNNNEDFQVGQAK	sp|P29401|TKT_HUMAN
5	HeLa	2	0.9732719	1.55188e05	TSTPEDFIR	sp|Q9Y490|TLN1_HUMAN
6	HeLa	3	0.9783138	2.377377e04	TTEPNGLILFSHGK	sp|Q9ULB1|NRX1A_HUMAN
4	HeLa	2	0.9076074	1.071889e05	TVALWDLR	sp|Q09028|RBBP4_HUMAN
6	HeLa	3	0.9827804	1.211535e05	TVFAEHISDEC(Carbamidomethyl)K	sp|P39023|RL3_HUMAN
4	HeLa	2	0.99159207	4.667322e04	TVFC(Carbamidomethyl)MQLAAR	sp|Q14498|RBM39_HUMAN;sp|Q86U06|RBM23_HUMAN
5	HeLa	2	0.99159207	1.013879e05	TVFC(Carbamidomethyl)MQLAAR	sp|Q14498|RBM39_HUMAN;sp|Q86U06|RBM23_HUMAN
4	HeLa	3	0.9775255	2.254225e04	TVTAMDVVYALK	sp|P62805|H4_HUMAN
5	HeLa	3	0.9775255	5.53512e05	TVTAMDVVYALK	sp|P62805|H4_HUMAN
6	HeLa	3	0.9775255	1.393598e06	TVTAMDVVYALK	sp|P62805|H4_HUMAN
5	HeLa	3	0.9733817	1.158748e06	TVTAMDVVYALKR	sp|P62805|H4_HUMAN
6	HeLa	3	0.9733817	1.599414e05	TVTAMDVVYALKR	sp|P62805|H4_HUMAN
6	HeLa	3	0.99440247	5.971492e04	TVTNAVVTVPAYFNDSQR	sp|P11142|HSP7C_HUMAN
4	HeLa	3	0.99952041	5.33544e04	TVYFAEEVQC(Carbamidomethyl)EGNSFHK	sp|P21291|CSRP1_HUMAN
5	HeLa	3	0.99952041	2.789223e05	TVYFAEEVQC(Carbamidomethyl)EGNSFHK	sp|P21291|CSRP1_HUMAN
6	HeLa	3	0.99952041	2.859311e05	TVYFAEEVQC(Carbamidomethyl)EGNSFHK	sp|P21291|CSRP1_HUMAN
4	HeLa	3	0.99494995	3.924677e04	TYDATTHFETTC(Carbamidomethyl)DDIK	sp|P50395|GDIB_HUMAN
4	HeLa	3	0.999732137	1.762118e04	VAHSDKPGSTSTASFR	sp|Q9P0L0|VAPA_HUMAN
5	HeLa	2	0.99826084	2.712591e05	VALSSETEVALAR	sp|P27816|MAP4_HUMAN
5	HeLa	2	0.9474171	3.079854e04	VAQLEQVYIR	sp|P62318|SMD3_HUMAN
4	HeLa	3	0.99072709	2.548564e05	VAQPTITDNKDGTVTVR	sp|P21333|FLNA_HUMAN
5	HeLa	2	0.9853434	3.969217e04	VATSSLDQTVK	sp|Q9BV38|WDR18_HUMAN
5	HeLa	2	0.9980295	1.486578e05	VAVEEVDEEGK	sp|P02545|LMNA_HUMAN
4	HeLa	3	0.9999583004	2.472196e05	VAVEEVDEEGKFVR	sp|P02545|LMNA_HUMAN
2	not applicable	2	0.602826	2048.843994	VAVTEGC(Carbamidomethyl)QPSR	sp|O75369|FLNB_HUMAN
4	HeLa	3	0.89288	3.312229e04	VAYVSFGPHAGK	sp|P50914|RL14_HUMAN
5	HeLa	3	0.899909	3.814417e04	VC(Carbamidomethyl)EEIAIIPSKK	sp|P08708|RS17_HUMAN
5	HeLa	2	0.9562053	1.78461e04	VDATAETDLAK	sp|P13667|PDIA4_HUMAN
5	HeLa	3	0.99749757	1.126594e05	VDATEESDLAQQYGVR	sp|P07237|PDIA1_HUMAN
6	HeLa	3	0.99749757	8.463176e04	VDATEESDLAQQYGVR	sp|P07237|PDIA1_HUMAN
5	HeLa	2	0.999584614	3.245544e05	VDILDPALLR	sp|P17980|PRS6A_HUMAN
5	HeLa	3	0.9090412	1.124588e05	VDINAPDVDVQGPDWHLK	sp|Q09666|AHNK_HUMAN
6	HeLa	3	0.869313	4.079578e04	VEAKPEVQSQPPR	sp|Q9UN86|G3BP2_HUMAN
5	HeLa	3	0.99787462	5.966499e04	VEAPSLDVHM(Oxidation)DSPDINIEGPDVK	sp|Q09666|AHNK_HUMAN
4	HeLa	2	0.99347028	7.328677e04	VEAQLQELQVK	sp|P35579|MYH9_HUMAN
6	HeLa	2	0.99347028	6.856244e04	VEAQLQELQVK	sp|P35579|MYH9_HUMAN
5	HeLa	3	0.99822131	4.111883e05	VEAVNMAEGIIHDTETK	sp|P38646|GRP75_HUMAN
5	HeLa	3	0.9999633188	1.668635e05	VEGTEPTTAFNLFVGNLNFNK	sp|P19338|NUCL_HUMAN
6	HeLa	3	0.9999633188	1.680689e05	VEGTEPTTAFNLFVGNLNFNK	sp|P19338|NUCL_HUMAN
4	HeLa	2	0.99121942	3.338458e04	VEPGLGADNSVVR	sp|P21333|FLNA_HUMAN
4	HeLa	3	0.99849829	5.679182e04	VEQATKPSFESGR	sp|P38159|RBMX_HUMAN
5	HeLa	3	0.987244	6.579975e05	VESLQEEIAFLKK	sp|P08670|VIME_HUMAN
6	HeLa	3	0.987244	7.539957e05	VESLQEEIAFLKK	sp|P08670|VIME_HUMAN
5	HeLa	3	0.99999500658	1.756094e06	VETGVLKPGM(Oxidation)VVTFAPVNVTTEVK	sp|P68104|EF1A1_HUMAN;sp|Q5VTE0|EF1A3_HUMAN
6	HeLa	3	0.864879	3.347788e05	VETGVLKPGMVVTFAPVNVTTEVK	sp|P68104|EF1A1_HUMAN;sp|Q5VTE0|EF1A3_HUMAN
4	HeLa	4	0.9142889	1.429272e04	VETSDEEIHDLHQR	sp|P07099|HYEP_HUMAN
4	HeLa	2	0.9867466	1.038809e05	VFDPVPVGVTK	sp|Q08211|DHX9_HUMAN
5	HeLa	2	0.9867466	4.259904e05	VFDPVPVGVTK	sp|Q08211|DHX9_HUMAN
6	HeLa	2	0.9867466	2.780727e05	VFDPVPVGVTK	sp|Q08211|DHX9_HUMAN
5	HeLa	3	0.999999193561	1.076583e05	VFEVSLADLQNDEVAFR	sp|P61247|RS3A_HUMAN
4	HeLa	2	0.9776011	8.939833e05	VFLENVIR	sp|P62805|H4_HUMAN
5	HeLa	2	0.9194234	5.205816e05	VGEVIVTK	sp|P10809|CH60_HUMAN
5	HeLa	2	0.999070177	3.435471e05	VGGTSDVEVNEK	sp|P10809|CH60_HUMAN
5	HeLa	2	0.99767987	1.64022e05	VGLQVVAVK	sp|P10809|CH60_HUMAN
6	HeLa	3	0.99854247	3.704905e04	VGQAVDVVGQAGKPK	sp|Q13200|PSMD2_HUMAN
4	HeLa	3	0.9739876	6.056469e04	VGQEIEVRPGIVSK	sp|P41091|IF2G_HUMAN
4	HeLa	3	0.99857679	4.412931e04	VGSLDNVGHLPAGGAVK	sp|P27816|MAP4_HUMAN
3	not applicable	2	0.479215	1.126974e05	VHLVGIDIFTGK	sp|P63241|IF5A1_HUMAN;sp|Q6IS14|IF5AL_HUMAN;sp|Q9GZV4|IF5A2_HUMAN
4	HeLa	2	0.479215	1.804674e05	VHLVGIDIFTGK	sp|P63241|IF5A1_HUMAN;sp|Q6IS14|IF5AL_HUMAN;sp|Q9GZV4|IF5A2_HUMAN
5	HeLa	2	0.479215	2.757698e06	VHLVGIDIFTGK	sp|P63241|IF5A1_HUMAN;sp|Q6IS14|IF5AL_HUMAN;sp|Q9GZV4|IF5A2_HUMAN
6	HeLa	3	0.9400136	3.302281e05	VHLVGIDIFTGK	sp|P63241|IF5A1_HUMAN;sp|Q6IS14|IF5AL_HUMAN;sp|Q9GZV4|IF5A2_HUMAN
6	HeLa	2	0.9629701	7.132777e04	VIAAEGEMNASR	sp|P27105|STOM_HUMAN
1	not applicable	3	0.570169	1.494139e05	VIAVYDLGGGTFDISILEIQK	sp|P38646|GRP75_HUMAN
5	HeLa	3	0.570169	3.133805e05	VIAVYDLGGGTFDISILEIQK	sp|P38646|GRP75_HUMAN
5	HeLa	3	0.99891941	7.878697e04	VIFDIVDLC(Carbamidomethyl)TTWEAMEK	sp|P42330|AK1C3_HUMAN
4	HeLa	3	0.99019357	2.868571e04	VIGQDSSEIHFK	sp|G2XKQ0|SUMO5_HUMAN;sp|P63165|SUMO1_HUMAN
4	HeLa	4	0.9999485013	1.595465e05	VIHDNFGIVEGLM(Oxidation)TTVHAITATQK	sp|P04406|G3P_HUMAN
5	HeLa	4	0.9999485013	1.007403e05	VIHDNFGIVEGLM(Oxidation)TTVHAITATQK	sp|P04406|G3P_HUMAN
5	HeLa	4	0.9676238	4.931692e04	VIHLSNLPHSGYSDSAVLK	sp|P43243|MATR3_HUMAN
4	HeLa	3	0.99893456	2.075104e05	VIISAPSADAPM(Oxidation)FVMGVNHEK	sp|P04406|G3P_HUMAN
4	HeLa	3	0.99999333338	3.594607e05	VIISAPSADAPMFVMGVNHEK	sp|P04406|G3P_HUMAN
6	HeLa	3	0.99999333338	9.839239e05	VIISAPSADAPMFVMGVNHEK	sp|P04406|G3P_HUMAN
4	HeLa	3	0.999680322	5.462403e04	VIQYLAYVASSHK	sp|P35579|MYH9_HUMAN
6	HeLa	3	0.999680322	7.59378e04	VIQYLAYVASSHK	sp|P35579|MYH9_HUMAN
6	HeLa	3	0.9180427	2.683383e04	VISGVLQLGNIVFK	sp|P35579|MYH9_HUMAN
5	HeLa	3	0.9791271	4.373746e04	VKPLQDQNELFGK	sp|Q12874|SF3A3_HUMAN
4	HeLa	3	0.999791716	2.26443e04	VLAMSGDPNYLHR	sp|P30153|2AAA_HUMAN
5	HeLa	2	0.99011573	3.68643e04	VLATAFDTTLGGR	sp|P34932|HSP74_HUMAN
4	HeLa	2	0.9589237	2.449235e04	VLDELTLTK	sp|P13645|K1C10_HUMAN
5	HeLa	3	0.9343076	6.982757e04	VLDFEHFLPM(Oxidation)LQTVAK	sp|P60660|MYL6_HUMAN
5	HeLa	3	0.99676022	7.375977e04	VLDFEHFLPMLQTVAK	sp|P60660|MYL6_HUMAN
5	HeLa	3	0.99800153	3.841358e05	VLDSGAPIKIPVGPETLGR	sp|P06576|ATPB_HUMAN
5	HeLa	2	0.99109576	1.045593e05	VLEAAAQAAR	sp|Q9NPD3|EXOS4_HUMAN
4	HeLa	2	0.9149441	9.326032e04	VLEGMEVVR	sp|P23284|PPIB_HUMAN
5	HeLa	2	0.9443022	7.787067e05	VLENAEGAR	sp|P38646|GRP75_HUMAN
4	HeLa	2	0.99237326	1.449789e04	VLGTAFDPFLGGK	sp|Q92598|HS105_HUMAN
4	HeLa	4	0.999896797	4.113301e04	VLHEAEGHIVTC(Carbamidomethyl)ETNTGEVYR	sp|P62318|SMD3_HUMAN
4	HeLa	2	0.918919	3.136981e04	VLTFYR	sp|P34932|HSP74_HUMAN
4	HeLa	3	0.9267738	4.756888e04	VLTGVAGEDAEC(Carbamidomethyl)HAAK	sp|O95373|IPO7_HUMAN
5	HeLa	3	0.9267738	3.775563e04	VLTGVAGEDAEC(Carbamidomethyl)HAAK	sp|O95373|IPO7_HUMAN
5	HeLa	3	0.9583007	8.381717e04	VLVALYEEPEKPNSALDFLK	sp|Q99417|MYCBP_HUMAN
4	HeLa	2	0.965676	1.776785e04	VM(Oxidation)VQPINLIFR	sp|P62304|RUXE_HUMAN
4	HeLa	3	0.99532151	8.057019e04	VMSQNFTNC(Carbamidomethyl)HTK	sp|Q13283|G3BP1_HUMAN
4	HeLa	2	0.9398683	1.792872e04	VMVQPINLIFR	sp|P62304|RUXE_HUMAN
5	HeLa	2	0.9398683	1.415715e05	VMVQPINLIFR	sp|P62304|RUXE_HUMAN
5	HeLa	3	0.9999600173	4.046557e05	VNQIGSVTESIQAC(Carbamidomethyl)K	sp|P13929|ENOB_HUMAN
5	HeLa	3	0.9890064	2.168142e04	VNVEAPDVNLEGLGGK	sp|Q09666|AHNK_HUMAN
4	HeLa	2	0.992651	8.448424e04	VPDGMVGFIIGR	sp|Q96AE4|FUBP1_HUMAN
5	HeLa	2	0.99491777	5.502512e05	VPDVQDGVR	sp|Q15149|PLEC_HUMAN
5	HeLa	3	0.99338399	3.967598e05	VPTANVSVVDLTC(Carbamidomethyl)R	sp|P04406|G3P_HUMAN
5	HeLa	2	0.999689709	1.394598e05	VPVHDVTDASK	sp|P21333|FLNA_HUMAN
4	HeLa	2	0.9599454	2.459831e05	VQAGDVITIDK	sp|Q9Y230|RUVB2_HUMAN
6	HeLa	2	0.9599454	5.920747e04	VQAGDVITIDK	sp|Q9Y230|RUVB2_HUMAN
5	HeLa	3	0.99507886	7.821398e04	VQAHAAAALINFTEDC(Carbamidomethyl)PK	sp|O00410|IPO5_HUMAN
5	HeLa	3	0.99749927	5.890355e04	VQDDEVGDGTTSVTVLAAELLR	sp|P78371|TCPB_HUMAN
4	HeLa	3	0.99999830968	7.477225e04	VQEQVHTLLSQDQAQAAR	sp|Q07065|CKAP4_HUMAN
4	HeLa	2	0.9782375	2.526586e05	VQESADELQK	sp|P84085|ARF5_HUMAN
6	HeLa	3	0.9920118	1.750141e04	VQNATLAVANITNADSATR	sp|P27105|STOM_HUMAN
5	HeLa	3	0.999452245	3.283452e05	VQSGSESVIQEYVDLR	sp|Q15149|PLEC_HUMAN
5	HeLa	3	0.999832796	9.026911e04	VQVQDNEGC(Carbamidomethyl)PVEALVK	sp|P21333|FLNA_HUMAN
6	HeLa	3	0.999832796	5.326057e04	VQVQDNEGC(Carbamidomethyl)PVEALVK	sp|P21333|FLNA_HUMAN
4	HeLa	2	0.9889649	2.187401e05	VSFELFADK	sp|P62937|PPIA_HUMAN
4	HeLa	3	0.99803719	8.110908e05	VSFELFADKVPK	sp|P62937|PPIA_HUMAN
6	HeLa	3	0.99803719	2.017398e06	VSFELFADKVPK	sp|P62937|PPIA_HUMAN
4	HeLa	3	0.999872831	3.398033e05	VSHLLGINVTDFTR	sp|P35579|MYH9_HUMAN
5	HeLa	3	0.999872831	2.567992e05	VSHLLGINVTDFTR	sp|P35579|MYH9_HUMAN
4	HeLa	3	0.99534463	7.4439e04	VSLDVNHFAPDELTVK	sp|P04792|HSPB1_HUMAN
5	HeLa	3	0.99534463	3.422892e05	VSLDVNHFAPDELTVK	sp|P04792|HSPB1_HUMAN
4	HeLa	3	0.9125242	1.146375e05	VSSDNVADLHEK	sp|P28074|PSB5_HUMAN
5	HeLa	2	0.949127	1.977093e04	VSSDVIDQK	sp|Q9Y262|EIF3L_HUMAN
4	HeLa	2	0.9488427	5.540809e04	VSTEVDAR	sp|P37837|TALDO_HUMAN
5	HeLa	3	0.999723952	5.115807e04	VTATDLDEPDTLHTR	sp|Q08554|DSC1_HUMAN
5	HeLa	3	0.99624789	1.335954e05	VTEGLVDVILYHQPDDK	sp|O43390|HNRPR_HUMAN
4	HeLa	2	0.933538	3.980132e04	VTLMQLPTR	sp|P55884|EIF3B_HUMAN
4	HeLa	3	0.9406714	1.793615e04	VTNGAFTGEISPGMIK	sp|P60174|TPIS_HUMAN
5	HeLa	2	0.988118	6.081882e05	VTQSNFAVGYK	sp|P21796|VDAC1_HUMAN
6	HeLa	2	0.89574	2.464734e04	VTVPLVR	sp|Q9UKM9|RALY_HUMAN
4	HeLa	3	0.999999644039	4.761957e04	VVAPTISSPVC(Carbamidomethyl)QEQLVEAGR	sp|Q9Y490|TLN1_HUMAN
5	HeLa	2	0.99756298	9.266722e04	VVDLLAPYAK	sp|P06576|ATPB_HUMAN
5	HeLa	3	0.9999986387	3.440194e05	VVGFHVLGPNAGEVTQGFAAALK	sp|Q16881|TRXR1_HUMAN
4	HeLa	3	0.9481266	1.163036e04	VVIEAC(Carbamidomethyl)DELGIILAHTNLR	sp|P31939|PUR9_HUMAN
1	not applicable	3	0.815886	2.374806e04	VVIGM(Oxidation)DVAASEFFR	sp|P06733|ENOA_HUMAN
5	HeLa	3	0.815886	1.494223e05	VVIGM(Oxidation)DVAASEFFR	sp|P06733|ENOA_HUMAN
6	HeLa	3	0.815886	3.271554e05	VVIGM(Oxidation)DVAASEFFR	sp|P06733|ENOA_HUMAN
5	HeLa	3	0.999922943	2.393442e05	VVIGMDVAASEFFR	sp|P06733|ENOA_HUMAN
6	HeLa	3	0.936142	4.197859e04	VVLAYEPVWAIGTGK	sp|P60174|TPIS_HUMAN
3	not applicable	3	0.608807	2.405026e05	VVLDDKDYFLFR	sp|P61604|CH10_HUMAN
4	HeLa	3	0.608807	1.863974e05	VVLDDKDYFLFR	sp|P61604|CH10_HUMAN
5	HeLa	3	0.608807	2.865493e05	VVLDDKDYFLFR	sp|P61604|CH10_HUMAN
5	HeLa	2	0.9506633	1.669771e05	VVLVLAGR	sp|P61353|RL27_HUMAN
6	HeLa	3	0.999428023	1.170382e05	VVSQYHELVVQAR	sp|Q16891|MIC60_HUMAN
5	HeLa	3	0.9056416	5.280087e04	VVVLMGSTSDLGHC(Carbamidomethyl)EK	sp|P22234|PUR6_HUMAN
5	HeLa	3	0.99715957	1.153088e05	VVYENAYGQFIGPHR	sp|Q16881|TRXR1_HUMAN
5	HeLa	3	0.9670856	4.94665e04	VVYGGGAAEISC(Carbamidomethyl)ALAVSQEADK	sp|P48643|TCPE_HUMAN
5	HeLa	2	0.9831323	2.321563e05	VWQVTIGTR	sp|P63244|RACK1_HUMAN
5	HeLa	3	0.99726172	9.368589e04	VYALPEDLVEVKPK	sp|P13797|PLST_HUMAN
4	HeLa	3	0.9885707	2.239426e04	VYIVHGVQEDLR	sp|Q15024|EXOS7_HUMAN
5	HeLa	3	0.9885707	9.260878e04	VYIVHGVQEDLR	sp|Q15024|EXOS7_HUMAN
6	HeLa	2	0.88372	7646.450195	WDGVPFILR	sp|P11413|G6PD_HUMAN
5	HeLa	3	0.9880864	7.452712e04	WFLTC(Carbamidomethyl)INQPQFR	sp|P26641|EF1G_HUMAN
6	HeLa	3	0.9880864	6.61587e04	WFLTC(Carbamidomethyl)INQPQFR	sp|P26641|EF1G_HUMAN
4	HeLa	3	0.9566415	1.301508e04	WGDAGAEYVVESTGVFTTMEK	sp|P04406|G3P_HUMAN
4	HeLa	3	0.999892271	2254.065186	WGTDEDKFTEILC(Carbamidomethyl)LR	sp|P12429|ANXA3_HUMAN
5	HeLa	3	0.9371417	5.243874e04	WLLQGIFSTTVLC(Carbamidomethyl)QK	sp|Q01650|LAT1_HUMAN
6	HeLa	3	0.9521806	1.646683e04	WVGGPEIELIAIATGGR	sp|P48643|TCPE_HUMAN
4	HeLa	3	0.9851654	5.559528e04	YAIAVNDLGTEYVHR	sp|O94925|GLSK_HUMAN
4	HeLa	3	0.9298162	9.591888e04	YAPSEAGLHEM(Oxidation)DIR	sp|P21333|FLNA_HUMAN
4	HeLa	3	0.99811085	7597.281738	YAPSEAGLHEMDIR	sp|P21333|FLNA_HUMAN
4	HeLa	2	0.99670334	1.386893e05	YDLTVPFAR	sp|P12081|HARS1_HUMAN;sp|P49590|SYHM_HUMAN
4	HeLa	3	0.999761702	5.128747e04	YEDFSNLGTTHLLR	sp|P22695|QCR2_HUMAN
5	HeLa	3	0.999761702	2.17443e04	YEDFSNLGTTHLLR	sp|P22695|QCR2_HUMAN
6	HeLa	3	0.999761702	2.614059e04	YEDFSNLGTTHLLR	sp|P22695|QCR2_HUMAN
4	HeLa	3	0.9999571038	2.779364e05	YEDIC(Carbamidomethyl)PSTHNM(Oxidation)DVPNIK	sp|P63241|IF5A1_HUMAN;sp|Q6IS14|IF5AL_HUMAN;sp|Q9GZV4|IF5A2_HUMAN
5	HeLa	3	0.9999571038	7.953612e04	YEDIC(Carbamidomethyl)PSTHNM(Oxidation)DVPNIK	sp|P63241|IF5A1_HUMAN;sp|Q6IS14|IF5AL_HUMAN;sp|Q9GZV4|IF5A2_HUMAN
4	HeLa	2	0.999252611	3.496965e05	YEELQSLAGK	sp|P05787|K2C8_HUMAN
6	HeLa	2	0.999252611	3.568187e05	YEELQSLAGK	sp|P05787|K2C8_HUMAN
4	HeLa	2	0.9234351	7.560976e04	YETELAMR	sp|P05783|K1C18_HUMAN
4	HeLa	3	0.9999766568	1.497842e04	YFHVVIAGPQDSPFEGGTFK	sp|P61088|UBE2N_HUMAN
5	HeLa	3	0.9999766568	9.808981e04	YFHVVIAGPQDSPFEGGTFK	sp|P61088|UBE2N_HUMAN
6	HeLa	2	0.9610984	4.051398e04	YFNSYTLTGR	sp|Q96IX5|ATPMK_HUMAN
4	HeLa	3	0.9821127	8.500701e04	YFQFQEEGKEGENR	sp|O15144|ARPC2_HUMAN
4	HeLa	2	0.9044413	4.650541e04	YGC(Carbamidomethyl)LAGVR	sp|Q9P258|RCC2_HUMAN
4	HeLa	4	0.99853212	9.501743e04	YGDGGSTFQSTTGHC(Carbamidomethyl)VHMR	sp|P31943|HNRH1_HUMAN
4	HeLa	3	0.9999262647	1.500515e05	YGFIEGHVVIPR	sp|P16070|CD44_HUMAN
6	HeLa	3	0.9999262647	2.491152e04	YGFIEGHVVIPR	sp|P16070|CD44_HUMAN
2	not applicable	2	0.629475	4168.834961	YGGQPVPNFPSK	sp|P21333|FLNA_HUMAN
6	HeLa	3	0.999874855	1.432158e04	YGIIC(Carbamidomethyl)MEDLIHEIYTVGK	sp|P18124|RL7_HUMAN
4	HeLa	3	0.99827823	1.469889e04	YGM(Oxidation)NPHQTPAQLYTLQPK	sp|P31939|PUR9_HUMAN
4	HeLa	3	0.99361554	1.97907e04	YGYTHLSAGELLR	sp|P30085|KCY_HUMAN
4	HeLa	3	0.9999848517	4.838569e05	YHTSQSGDEM(Oxidation)TSLSEYVSR	sp|P08238|HS90B_HUMAN
5	HeLa	3	0.99999094304	4.295483e05	YHTSQSGDEMTSLSEYVSR	sp|P08238|HS90B_HUMAN
4	HeLa	3	0.99727162	1.19128e05	YHTVNGHNC(Carbamidomethyl)EVR	sp|P09651|ROA1_HUMAN
5	HeLa	3	0.99727162	4.315159e04	YHTVNGHNC(Carbamidomethyl)EVR	sp|P09651|ROA1_HUMAN
6	HeLa	2	0.9865971	2.490848e04	YILEIENVR	sp|A4FU69|EFCB5_HUMAN
6	HeLa	2	0.99730887	5.128744e04	YISLIYTNYEAGK	sp|P09211|GSTP1_HUMAN
4	HeLa	2	0.99015535	2.388235e04	YITDWQNVFR	sp|O75340|PDCD6_HUMAN
5	HeLa	3	0.999065752	8.059707e04	YIYDSAFHPDTGEK	sp|Q9H9B4|SFXN1_HUMAN
6	HeLa	3	0.999065752	1.642935e04	YIYDSAFHPDTGEK	sp|Q9H9B4|SFXN1_HUMAN
4	HeLa	3	0.9832138	1.333562e05	YKPESEELTAER	sp|P07237|PDIA1_HUMAN
4	HeLa	4	0.999263351	8.531334e04	YKPVC(Carbamidomethyl)NQVEC(Carbamidomethyl)HPYFNR	sp|P42330|AK1C3_HUMAN
4	HeLa	3	0.9211813	4.89408e04	YLAADKDGNVTC(Carbamidomethyl)ER	sp|Q16658|FSCN1_HUMAN
4	HeLa	2	0.9898566	1.587081e05	YLAEVATGEK	sp|P61981|1433G_HUMAN
5	HeLa	3	0.990338	6.113133e04	YLDEDTIYHLQPSGR	sp|P31153|METK2_HUMAN
4	HeLa	2	0.9885457	3.251689e04	YLEC(Carbamidomethyl)SALTQR	sp|P15153|RAC2_HUMAN;sp|P60763|RAC3_HUMAN;sp|P63000|RAC1_HUMAN
5	HeLa	3	0.99023239	6.337103e04	YLMEEDEDAYKK	sp|P46777|RL5_HUMAN
4	HeLa	2	0.9444887	1.350639e05	YLNFFTK	sp|P12004|PCNA_HUMAN
6	HeLa	2	0.99430901	1.811902e05	YLTAEAFGFK	sp|Q16658|FSCN1_HUMAN
4	HeLa	2	0.9108376	6.633192e04	YLYEIAR	sp|P02768|ALBU_HUMAN
4	HeLa	3	0.999496159	1.294653e05	YNEQHVPGSPFTAR	sp|P21333|FLNA_HUMAN
6	HeLa	2	0.9429972	1.124781e04	YPSPFFVFGEK	sp|Q08211|DHX9_HUMAN
4	HeLa	2	0.9852446	1.244351e05	YPVNSVNILK	sp|P17987|TCPA_HUMAN
4	HeLa	3	0.99313021	6.331647e04	YQLDKDGVVLFK	sp|P07237|PDIA1_HUMAN
5	HeLa	3	0.999999728932	6.700748e04	YQVFFFGTHETAFLGPK	sp|P51858|HDGF_HUMAN
4	HeLa	3	0.99765001	1.984089e04	YRC(Carbamidomethyl)ELLYEGPPDDEAAM(Oxidation)GIK	sp|P13639|EF2_HUMAN
4	HeLa	2	0.999780683	3.722612e04	YSFLQFDPAPR	sp|P62714|PP2AB_HUMAN;sp|P67775|PP2AA_HUMAN
4	HeLa	2	0.99513106	1.754453e05	YSLEPVAVELK	sp|P00558|PGK1_HUMAN
6	HeLa	3	0.99290324	3.971517e04	YSLKPNDQILAEDK	sp|P55263|ADK_HUMAN
6	HeLa	2	0.9709307	4.223833e04	YSQLVVETIR	sp|Q92522|H1X_HUMAN
5	HeLa	2	0.9514871	1.182612e05	YTC(Carbamidomethyl)SFC(Carbamidomethyl)GK	sp|A6NKH3|RL37L_HUMAN;sp|P61513|RL37A_HUMAN
5	HeLa	4	0.9470445	3.900382e04	YTEFYHVPTHSDASK	sp|Q96HC4|PDLI5_HUMAN
4	HeLa	3	0.9860728	1.009295e04	YTIHSQLEHLQSK	sp|Q9BWJ5|SF3B5_HUMAN
4	HeLa	3	0.9981117	5.104757e04	YTPVQQGPVGVNVTYGGDPIPK	sp|P21333|FLNA_HUMAN
4	HeLa	3	0.99588073	9456.985352	YTVQDESHSEWVSC(Carbamidomethyl)VR	sp|P63244|RACK1_HUMAN
5	HeLa	3	0.999604848	1.914742e05	YVASYLLAALGGNSSPSAK	sp|P05387|RLA2_HUMAN
6	HeLa	3	0.999604848	1.284152e05	YVASYLLAALGGNSSPSAK	sp|P05387|RLA2_HUMAN
5	HeLa	3	0.9791496	3.856792e05	YVATLGVEVHPLVFHTNR	sp|P62826|RAN_HUMAN
4	HeLa	3	0.99739553	1.714291e05	YVDTPFGKPSDALILGK	sp|Q13126|MTAP_HUMAN
6	HeLa	3	0.99739553	3.661416e05	YVDTPFGKPSDALILGK	sp|Q13126|MTAP_HUMAN
4	HeLa	3	0.999563119	5.289049e05	YYVTIIDAPGHR	sp|P68104|EF1A1_HUMAN;sp|Q5VTE0|EF1A3_HUMAN
